Clef, Contexte, X20(...) / XE(S) / V20, X14(...) / T14 / V15, Autres radios,
TRANSLATION_KEY,,"fr",
TRANSLATION_NAME,,"Français",
TRANSLATION_FALLBACK_NAME,,"Francais"
TRANSLATION_FONT_SUBSET,,"latin"
SPECIAL_CHARS,,"äöüûùàçéèê_-+*/<=>.",
MODEL,,"Modèle",
STEERING,,"Direction"
DUTY_RATIO,,"Ratio cycle"
CYCLE_DURATION,,"Durée cycle"
RETURN_POSITION,,"Position retour"
STEERING_BRAKE,,"Frein de direction"
MODEL_SELECT,,"Choix modèle",
NO_MODELS_DIRECTORY,,"Répertoire modèles absent !",
EDIT_MODEL,,"Editer modèle",
FLIGHT_MODES,,"Phases de vol",
DRIVE_MODES,,"Modes conduite"
MIXES,,"Mixages",
OUTPUTS,,"Voies",
TIMERS,,"Chronos",
TRIMS,,"Trims",
RF_SYSTEM,,"Système RF",
LINKS,,"Liaisons"
TELEMETRY,,"Télémétrie",
CHECKLIST,,"Checklist",
LOGIC_SWITCHES,,"Inters logiques",
SPECIAL_FUNCTIONS,,"Fonctions",
NEW_FUNCTION,,"Nouvelle fonction"
CURVES,,"Courbes",
VARS,,"Vars",
NO_VAR_YET_PRESS_ADD_TO_CREATE_ONE,,"Aucune Var. Appuyer sur le bouton '+' pour en créer une !",
ARE_YOU_SURE_YOU_WANT_TO_DELETE_THIS_VAR,,"Supprimer Var ?",
TRAINER,,"Ecolage",
DEVICE_CONFIG,,"Config. périph.",
LAST_MODIFICATION,,"Dernière modification","Date mod."
DESCENDING,,"Ordre décroissant"
SORT_BY,,"Triés par ..."
ASCENDING,,"Ordre Croissant"
CLONE,,"Dupliquer",
MODEL_MATCH,,"ID Modèle",
MODEL_DATA_LOAD,,"Chargement modèle",
FILE_SIZE,,"Taille fichier","Taille"
ARE_YOU_SURE_YOU_WANT_TO_DELETE_THIS_MODEL,,"Supprimer modèle ?",
SUCCESS,,"Succès !",
CLONE_MODEL_SUCCESSFULLY,,"Copie modèle réussie !",
FILENAME_TOO_LONG,,"Nom fichier trop long !",
RX_STILL_ON_SELECT_ANOTHER_MODEL,,"RX toujours ON. Changer modèle ?",
CONFIRM_SELECT_ANOTHER_MODEL,,"Sélectionner autre modèle ?",
FILE_NAME,,"Nom",
CONFIRM,,"Confirmation",
SET_CURRENT_MODEL,,"Sélectionner",
UNCATEGORIZED,,"Non trié",
CHANGE_FOLDER,,"Déplacer",
OPERATION,,"Opération",
OPERATION_FAILED,,"Echec opération !",
DELETE_FOLDER,,"Supprimer dossier",
RENAME,,"Renommer",
CREATE_FOLDER,,"Créer nouveau dossier",
MODEL_TYPE,,"Type de modèle","Type",
PLANE,,"Avion",
GLIDER,,"Planeur",
HELI,,"Hélicoptère","Hélico",
MULTI,,"Multi",
CAR,,"Voiture",
BOAT,,"Bateau",
OTHER,,"Autre",
CONFIRM_RESET_MIXES,,"Réinitialiser mixages ?","Réinit. mixages ?",
ELEVATORS,,"Profondeur",
YAW,,"Lacet",
SWASH_PLATE,,"Plateau",
PICTURE,,"Image",
TAIL,,"Empennage",
TAIL_TYPE,,"Type d'empennage",
TRADITIONAL,,"Traditionnel",
VTAIL,,"Empennage en V",
AILERONS,,"Ailerons",
NO_AILERONS,,"Pas d'aileron",
PITCH,,"Profondeur",
NO_ELEVATORS,,"Pas de profondeur",
THROTTLE,,"Gaz",
FLAPS,,"Volets",
NO_FLAPS,,"Pas de volet",
ENGINE,,"Moteur",
NO_ENGINE,,"Pas de moteur",
BRAKE,,"Frein"
RUDDERS,,"Dérive",
NO_RUDDERS,,"Pas de dérive",
ROLL,,"Roulis",
FUNCTION_SWITCHES,,"Inters fonction",
RESET_ALL_MIXES,,"Supprimer mixages",
Xx2POS,,"{HARDWARE_FUNCTION_SWITCHES} x 2-Pos",
XPOS_WITH_OFF,,"{HARDWARE_FUNCTION_SWITCHES}-Pos avec OFF",
XPOS,,"{HARDWARE_FUNCTION_SWITCHES}-Pos",
2xXPOS,,"2 x {HARDWARE_FUNCTION_SWITCHES_PER_SIDE}-Pos",
CONFIRM_DELETE_FLIGHT_MODE,,"Supprimer phase de vol ?",
MOVE,,"Déplacer",
EDIT,,"Editer",
ADD,,"Ajouter",
FLIGHT_MODE,,"Phase vol",
DRIVE_MODE,,"Mode conduite",
FADE_IN,,"Activation",
FADE_OUT,,"Désactivation",
DEFAULT_FLIGHT_MODE,,"Phase vol par défaut",
DEFAULT_DRIVE_MODE,,"Mode conduite par défaut",
CHANNELS,,"Voies",
D,,"D",
CONFIRM_DELETE_MIX,,"Supprimer mixage ?",
CONFIRM_DELETE_SSS,,"Supprimer %s ?",
NONE,,"Aucun",
NO_MIX_YET_PRESS_ADD_TO_CREATE_ONE,,"Aucun mixage. Appuyer sur le bouton '+' pour en créer un !",
MIX_NAME_DESCRIPTION,,,
ADD_AFTER,,"Ajouter après",
ADD_MIX_FAILED,,"Erreur ajout mixage !",
MAX_MIXES_REACHED,,"Nombre maximum mixages atteint !",
FIRST_POSITION,,"Première position",
LAST_POSITION,,"Dernière position",
MIXES_LIBRARY,,"Bibliothèque",
AIL_TO_RUD,,"Ail → Dir",
ELE_TO_CAMBER,,"SnapFlap",
RUD_TO_AIL,,"Dir → Ail",
RUD_TO_ELE,,"Dir → Prf",
AIL_TO_FLAPS,,"QuadroFlap",
FLAPS_TO_ELE,,"Volets → Prf",
FREE_MIX,,"Mixage libre",
SNAP_ROLL,,"Snap Roll",
TEST_MIX,,"Test Mix",
ELE_TO_AIL,,"Prf → Ail",
BUTTERFLY,,"Papillon",
CAMBER,,"Courbure",
PITCH_TO_RUD,,"Pas → Dir",
THR_TO_ELE,,"Gaz → Prf",
THR_TO_RUD,,"Gaz → Dir",
FLAP,,"Volets",
AIRBRAKE,,"Aérofrein",
CENTER,,"Centre",
LOCKING_ARM_STRENGTH_P1,,"Force blocage (P1)"
LOCKING_ARM_STRENGTH_P2,,"Force blocage (P2)"
FRICTION_D1,,"Friction (D1)"
FILTER_TD,,"Filtre (TD / D2)"
SUBTRIM,,"Subtrim",
PWM_CENTER,,"Centre PWM",
NORMAL,,"Normal",
EQUAL,,"Egale",
UNPLUGGED,,"Déconnecté",
BEHAVIOUR,,"Comportement",
ADD_A_NEW_BEHAVIOUR,,"Ajouter comportement",
ADD_EXTRA_TRIM,,"Ajouter trim supplémentaire","Ajouter trim suppl.",
EXTRA_TRIM,,"Trim supplémentaire","Trim suppl.",
SLOW_UP,,"Ralenti activation",
SLOW_DOWN,,"Ralenti désactivation",
MIN,,"Mini",
MAX,,"Maxi",
CURVE,,"Courbe",
CHANNEL,,"Voie",
INVERT,,"Inverser",
INVERTED,,"Inversé",
CONFIRM_DELETE_TIMER,,"Supprimer chrono ?",
TIMER,,"Chrono",
MODE,,"Mode",
PASTE,,"Coller",
COPY,,"Copier",
NO_TIMER_YET_PRESS_ADD_TO_CREATE_ONE,,"Aucun chrono. Appuyer sur le bouton '+' pour en créer un !",
START_CONDITION,,"Condition départ",
STOP_CONDITION,,"Condition arrêt",
TIMER_EDIT,,"Chrono",
PERSISTENT,,"Permanent",
START_VALUE,,"Valeur de départ",
AUDIO_ACTIONS,,"Actions audio",
AUDIO_ACTION,,"Action audio",
ADD_A_NEW_AUDIO_ACTION,,"Ajouter action audio",
ALARM_VALUE,,"Valeur d'alarme",
HAPTIC,,"Vibreur",
COUNT_SECONDS,,"Décompte secondes",
START,,"Départ",
PLAY_FILE,,"Lire fichier",
CROSS_TRIM,,"Trims croisés",
MOVE_TRIM_TO_SUBTRIM,,"Trim vers subtrim",
INSTANT_TRIM,,"Trim instant.",
MOVE_TRIMS_TO_SUBTRIMS,,"Trims vers subtrims",
INDEPENDENT_PER_FLIGHT_MODE,,"Trim par phase de vol",
STICK,,"Manche",
TRIM_STEP_FINE,,"Fin",
TRIM_STEP_COARSE,,"Grossier",
TRIM_STEP_EXPONENTIAL,,"Exponentiel",
TRIM_STEP_EXTRA_FINE,,"Extra fin",
TRIM_STEP_MEDIUM,,"Moyen",
TRIM_STEP_CUSTOM,,"Perso",
TYPE,,"Type",
SHARE,,"Partager",
RX,,"RX",
RACING_MODE,,"Mode course",
RANGE_CHECK,,"Test portée",
EXTERNAL_MODULE,,"Module externe",
BIND_OK,,"Appairage OK",
BINDING_3DOTS,,"Appairage ...",
BIND,,"Appairer",
FAILSAFE,,"Failsafe",
INTERNAL_MODULE,,"Module interne",
SET_FAILSAFE,,"Définir failsafe",
OWNER_REGISTRATION_ID,,"Enreg. ID propriétaire",
SELECT_DEVICE,,"Choix périphérique",
REGISTER,,"Enregistrer",
VALID_FRAME_RATE,,"VFR",
STATE,,"Etat",
PROTOCOL,,"Protocole",
ARE_YOU_SURE_TO_RESET_THIS_RECEIVER,,"Réinitialiser récepteur ?",
SET,,"Définir",
RECEIVER_TYPE,,"Type de récepteur",
BACK,,"Retour",
INTERNAL,,"Interne",
EXTERNAL,,"Externe",
RF_PROTOCOL,,"Protocole RF",
EXTERNAL_RF,,"RF Externe",
REGISTRATION_OK,,"Enregistrement OK",
UID,,"UID",
REGISTRATION_ID,,"Enregistrer ID",
RX_NAME,,"Nom RX",
RECEIVER_CONNECTED,,"Récepteur connecté",
REGISTRATION,,"Enregistrement",
RESET_BIND,,"Réiniitaliser appairage",
FACTORY_RESET,,"RAZ usine",
TELEMETRY_PORT,,"Port Télém.",
WARNING,,"Alerte",
ERRORS,,"Erreurs",
OPTIONS,,"Options",
CONFIGURE,,"Configurer",
WAITING_FOR_RECEIVER,,"En attente récepteur ...",
PIN,,"Pin",
RX_SETTINGS,,"Paramètres RX",
NO_RESPONSE_FROM_RECEIVER,,"Pas de réponse récepteur",
SBUS_OUT,,"SBUS Out",
SBUS_IN,,"SBUS In",
TELEMETRY_25_MW,,"Puissance télémétrie réduite (25mW)",
HIGH_PWM_SPEED,,"Haute vitesse PWM",
FLIGHT_DATA_RECORDER,,"Enreg. données vol",
RX_HAS_NO_FLIGHT_DATA_RECORD,,"RX sans enreg. données vol !",
ANTENNA,,"Antenne",
POWER_HAS_BEEN_CHANGED_PLEASE_REBIND,,"Changement de puissance, appairage nécessaire !",
NO_RESPONSE_FROM_MODULE,,"Aucune réponse module !",
POWER,,"Puissance",
BAUDRATE,,"Vitesse",
ARMING_CONDITION,,"Condition armement",
WAITING_FOR_MODULE,,"En attente module ...",
TX_SETTINGS,,"Paramètres TX",
NO_CHECK,,"Inactif",
CUSTOM,,"Perso",
HOLD,,"Maintien",
NO_PULSES,,"Aucun signal",
NOT_SET,,"Non défini",
CREATE_CALCULATED_SENSOR,,"Capteur calculé",
CONFIRM_DELETE_SENSORS,,"Supprimer capteurs ?",
ON,,"ON",
OFF,,"OFF",
DISCOVER_NEW_SENSORS,,"Découverte capteurs",
STOP_DISCOVER,,"Stop discovery"
DELETE_ALL,,"Tout effacer",
INDIVIDUAL_RSSI_ALERT_PER_BAND,,"Alertes RSSI par bande",
CREATE_DIY_SENSOR,,"Capteur perso",
FORMULA,,"Formule",
CALCULATED_SENSOR,,"Capteur calculé",
AUTO_DETECT,,"Détect. auto",
DISPLAY_DECIMALS_AND_UNIT,,"Précision / unité affichage",
SELECT_SENSOR,,"Choisir capteur",
DIY_SENSOR,,"Capteur DIY",
WAITING,,"En attente",
RATIO,,"Ratio",
MODULE,,"Module",
PROTOCOL_DECIMALS_AND_UNIT,,"Précision / unité protocole",
NAME,,"Nom",
DECIMALS,,"Décimales",
VALUE,,"Valeur",
SENSOR_LOST_WARNING_DELAY,,"Alerte capteur perdu",
WARNING_DISABLED,,"Pas d'alerte",
RANGE,,"Plage",
SPACE_WITH_SAMPLES,," échantil.",
RESET,,"Réinitialiser","Réinit.",
TELEMETRY_SENSOR,,"Capteur télémétrie",
UNIT,,"Unité",
WRITE_LOGS,,"Enreg. données",
ID,,"ID",
CONFIRM_LOAD_ALL_SWITCH_POSITIONS,,"Confirmer position des inters pour la checklist ?",
CHECK_FUNCTION,,"Checklist",
LOAD_ALL_SWITCH_POSITIONS,,"Capture positions inters",
CONFIRM_LOAD_ALL_POT_POSITIONS,,"Confirmer position des pots pour la checklist ?",
LOAD_ALL_POT_POSITIONS,,"Capturer positions pot.",
TRIGGER_ON_CONDITION,,"Condition pour ON",
COMMENT,,"Commentaire",
FUNCTION,,"Fonction",
VALUES,,"Valeurs",
ADD_A_NEW_VALUE,,"Ajouter valeur",
ACTIONS,,"Actions",
ADD_A_NEW_ACTION,,"Ajouter action",
ADD_A_NEW_LOGIC_SWITCH,,"Ajouter inter logique",
ADD_A_NEW_VAR,,"+ Add a new var"
DURATION_HIGH,,"Durée activité",
RISING_EDGE,,"Chang. état",
DURING,,"Pendant",
VALUE1,,"Valeur 1",
VALUE_X,,"Valeur (X)",
CHECK_INTERVAL,,"Fréq. vérification",
ACTIVE_CONDITION,,"Condition",
MIN_DURATION,,"Durée mini",
MAX_DURATION,,"Durée maxi",
DURATION_LOW,,"Durée inactivité",
VALUE2,,"Valeur 2",
DELAY_BEFORE_ACTIVE,,"Délai avant ON",
DURATION,,"Durée",
SOURCE_A,,"Source (A)",
TRIGGER_OFF_CONDITION,,"Condition pour OFF",
DELAY_BEFORE_INACTIVE,,"Délai avant OFF",
DELAY_ON_OFF,,"Délai avant ON / OFF",
SOURCE,,"Source",
LOGIC_SWITCH_RANGE,,"Intervalle",
ARE_YOU_SURE_YOU_WANT_TO_DELETE_THIS_LOGIC_SWITCH,,"Supprimer inter logique ?",
NO_LOGIC_SWITCH_YET_PRESS_ADD_TO_CREATE_ONE,,"Aucun inter logique. Appuyer sur '+' pour en créer un !",
ENABLE,,"ON",
NO_FUNCTION_YET_PRESS_ADD_TO_CREATE_ONE,,"Aucune fonction. Appuyer sur '+' pour en créer une !",
NO_TRAINER_YET_PRESS_ADD_TO_CREATE_ONE,,"Aucun mode d'écolage. Appuyer sur '+' pour en créer un !"
SF,,"SF",
DISABLE,,"OFF",
ARE_YOU_SURE_YOU_WANT_TO_DELETE_THIS_SPECIAL_FUNCTION,,"Supprimer fonction ?",
ACTION,,"Action",
PLAY_SEQUENCE,,"Lire audio",
WAIT_DURATION,,"Pause",
WAIT_CONDITION,,"Condition",
CONFIRM_DELETE_LINE,,"Supprimer ligne ?",
ADD_A_NEW_LINE_IN_SEQUENCE,,"Ajouter ligne",
PLAY_TEXT,,"Lire texte",
GO_TO_SCREEN,,"Ouvrir écran",
LOCK_TOUCHSCREEN,,"Verrouillage écran",
SCREENSHOT,,"Capture écran",
PLAY_VALUE,,"Lire valeur",
PLAY_VARIO,,"Lire vario",
PLAY_LED,,"Play LED"
LED_CONSTANT,,"Constant"
LED_BLINK,,"Blink"
SPACE_WITH_OTHERS,," Autres ...",
CONFIRM_DELETE_CURVE,,"Supprimer courbe ?",
CURVE_USED_BY,,"Courbe utilisée :",
AND_WITH_TWO_SPACES,," et ",
NO_CURVE_YET_PRESS_ADD_TO_CREATE_ONE,,"Aucune courbe. Appuyer sur '+' pour en créer une !",
EXPO,,"Expo",
UNIT_POINTS_COUNT,," points",
WEIGHT,,"Course",
POINTS,,"Points",
OFFSET,,"Décalage",
AUTO_OFFSET,,"Décalage automatique",
OFFSET_WHEN_ACTIVE,,"Décalage qd ligne activée",
OFFSET_WHEN_INACTIVE,,"Décalage qd ligne désactivée",
SMOOTH,,"Lisser",
POINT,,"Point",
POINTS_COUNT,,"Nb. points",
EASY_MODE,,"Mode simple",
TRAINER_MODE,,"Mode écolage",
CHANNEL_RANGE,,"Voies",
CH,,"V",
SLAVE_CH,,"Voie élève",
PERCENT,,"Pourcentage",
DESTINATION,,"Destination",
APPLICATION_ID,,"ID Application",
PHYSICAL_ID,,"ID Physique",
FIRMWARE_VERSION,,"Version firmware",
VIDEO_HARDWARE_VERSION,,"Version matériel vidéo",
AIR_SPEED,,"Vitesse",
FLOW_RESET,,"Réinitialiser débit","Réinit. débit",
CDI_OFF_SPEED_LIMIT,,"CDI hors vitesse limite",
GAS_SUITE,,"Gas Suite",
GASSUIT_TEMP1,,"GS Temp 1",
GASSUIT_TEMP2,,"GS Temp 2",
GASSUIT_SPEED,,"GS RPM",
GASSUIT_RES_VOL,,"GS Vol. Res.",
GASSUIT_RES_PERC,,"GS Res. %",
GASSUIT_FLOW,,"GS débit",
GASSUIT_MAX_FLOW,,"GS débit max",
GASSUIT_AVG_FLOW,,"GS débit moyen",
FLOW_PULSE,,"Impulsion débit",
AUTO_RESET,,"Réinit. auto",
RESET_RESIDUAL_VOLUME,,"Réinit. volume restant",
RESET_MAX_FLOW,,"Réinit. débit max",
RESET_AVERAGE_FLOW,,"Réinit. débit moyen",
VOLUME_ALARM,,"Alarme volume",
MAX_FLOW_ALARM,,"Alarme débit max",
FUEL,,"Jauge",
FLOW_TRIGGER,,"Déclenchement débit",
FACTORY_SETTING,,"Paramètres usine",
GPS,,"GPS",
GPS_ALT,,"Alt GPS",
GPS_SPEED,,"Vitesse GPS",
GPS_COURSE,,"Course GPS",
GPS_POSITION_DATA_RATE,,"Fréq. position GPS",
GPS_ALTITUDE_DATA_RATE,,"Fréq. altitude GPS",
GPS_SPEED_DATA_RATE,,"Fréq. vitesse GPS",
GPS_COURSE_DATA_RATE,,"Fréq. route GPS",
GPS_TIME_DATA_RATE,,"Fréq. heure GPS",
LATITUDE,,"Latitude",
LONGITUDE,,"Longitude",
GPS_MAP,,"Carte GPS",
MAP,,"Carte",
INTERNAL_GPS,,"GPS interne",
RAM_AVAILABLE,,"RAM disponible",
CLOCK,,"Horloge",
TRIP,,"Parcours",
RX1_MAP,,"Routage RX1",
RX2_MAP,,"Routage RX2",
RX3_MAP,,"Routage RX3",
BATTERY_1_VOLTAGE,,"Tension Bat1",
BATTERY_1_CURRENT,,"Intensité Bat1",
BATTERY_2_VOLTAGE,,"Tension Bat2",
BATTERY_2_CURRENT,,"Intensité Bat2",
RBOX_STATE_1,,"Statut1 RBOX",
RBOX_STATE_2,,"Statut2 RBOX",
BATTERY_1_CONSUMPTION,,"Conso. Bat1",
BATTERY_2_CONSUMPTION,,"Conso. Bat2",
BATTERY_1_TEMPERATURE,,"Temp. Bat1",
BATTERY_2_TEMPERATURE,,"Temp. Bat2",
RB_OUTPUT_STATE,,"Etat sortie",
RB_CH1_A,,"Intensité V1",
RB_CH2_A,,"Intensité V2",
RB_CH3_A,,"Intensité V3",
RB_CH4_A,,"Intensité V4",
RB_CH5_A,,"Intensité V5",
RB_CH6_A,,"Intensité V6",
RB_CH7_A,,"Intensité V7",
RB_CH8_A,,"Intensité V8",
RB_CH9_A,,"Intensité V9",
RB_OUTPUT_1_VOLTAGE,,"Tension Sortie1",
RB_OUTPUT_2_VOLTAGE,,"Tension Sortie2",
RPM,,"Tr/M",
POLES_COUNT,,"Nb. poles",
OVER_SPEED_ALARM,,"Alerte vitesse",
OVER_TEMP1_ALARM,,"Alerte temp. 1",
OVER_TEMP2_ALARM,,"Alerte temp. 2",
TEMPERATURE_UNIT,,"Unité température",
AUTO_SAVE,,"Sauv. auto",
WING_RUD_ELE_AIL,,"Dir - Prf - Ail.",
WING_FLYING,,"Delta / Aile volante",
WING_VTAIL_AIL,,"Empennage V - Ail.",
LEVEL,,"Horizontal",
LEVEL_REVERSED,,"Inversé",
UPRIGHT,,"Vertical",
UPRIGHT_REVERSED,,"Vertical inversé",
WING_TYPE,,"Type d'aile",
CALIBRATION_FINISH,,"Calibration terminé !",
SXR_CALIBRATION,,"Calibration SxR",
CLICK_WHEN_DONE,,"Valider",
CALIBRATING,,"Calibration en cours ...",
SXR_CALIBRATION_DESCRIPTION,,"Calibration récepteur SxR",
MOUNTING_TYPE,,"Position montage",
SXR_ENABLE,,"SXR actif",
AIL_INVERTED,,"Ail Inversé",
AIL2_INVERTED,,"Ail2 Inversé",
ELE_INVERTED,,"Prf Inversé",
ELE2_INVERTED,,"Prf2 Inversé",
RUD_INVERTED,,"Dir Inversé",
AUX1_ENABLE,,"AUX1 actif",
AUX2_ENABLE,,"AUX2 actif",
QUICK_MODE,,"Mode rapide",
SELF_CHECK,,"Auto test",
STAB_GAIN_OF_AIL,,"Stabilisation - Gain Ail.",
STAB_GAIN_OF_ELE,,"Stabilisation - Gain Prf.",
STAB_GAIN_OF_RUD,,"Stabilisation - Gain Dir.",
AUTO_LEVEL_GAIN_OF_AIL,,"Mise à plat - Gain Ail.",
AUTO_LEVEL_GAIN_OF_ELE,,"Mise à plat - Gain Prf.",
HOVER_GAIN_OF_ELE,,"Torque - Gain Prf.",
HOVER_GAIN_OF_RUD,,"Torque - Gain Dir.",
KNIFE_EDGE_GAIN_OF_AIL,,"Tranche - Gain Ail.",
KNIFE_EDGE_GAIN_OF_RUD,,"Tranche - Gain Dir.",
AUTO_LEVEL_OFFSET_OF_AIL,,"Mise à plat - Décalage Ail.",
AUTO_LEVEL_OFFSET_OF_ELE,,"Mise à plat - Décalage Prf.",
HOVER_OFFSET_ANGLE_OF_ELE,,"Torque - Décalage Prf.",
HOVER_OFFSET_ANGLE_OF_RUD,,"Torque - Décalage Dir.",
KNIFE_EDGE_OFFSET_OF_AIL,,"Tranche - Décalage Ail.",
KNIFE_EDGE_OFFSET_OF_RUD,,"Tranche - Décalage Dir.",
PLACE_RECEIVER_LEVEL,,"Placer récepteur à l'horizontale",
PLACE_RECEIVER_LEVEL_REVERSE,,"Placer récepteur à l'envers",
PLACE_RECEIVER_LEFT,,"Placer récepteur sur la gauche",
PLACE_RECEIVER_RIGHT,,"Placer récepteur sur la droite",
PLACE_RECEIVER_FORWARD,,"Placer récepteur sur l'avant",
PLACE_RECEIVER_BACKWARD,,"Placer récepteur sur l'arrière",
ALTITUDE_DATA_RATE,,"Fréq. données Alti.",
VARIO_DATA_RATE,,"Fréq. données Vario",
BAND,,"Bande",
ALL_FREQUENCY,,"Toutes fréquences",
SAVE_TO_FLASH,,"Sauvegarder en flash",
FLASHING,,"Flash en cours ...",
SAVE_TO_FLASH_MESSAGE,,"Paramètres sauvegardés en mémoire flash !",
DIRECTION,,"Direction",
CLOCKWISE,,"Sens horaire",
ANTICLOCKWISE,,"Sens anti-horaire",
PWM_PULSE_TYPE,,"Type de PWM",
BASIC_CONFIG,,"Config. de base",
CONFIGURE_SCREENS,,"Configurer écrans",
TOP_SCREEN,,"Ecran sup.",
CHANGE_LAYOUT,,"Changer disposition",
FULL_SCREEN,,"Plein écran",
WIDGET,,"Widget",
SET_MAIN_SCREEN,,"Ecran principal",
CONFIGURE_WIDGET,,"Configurer widget",
NEW_SCREEN,,"Nouvel écran",
SCREEN,,"Ecran",
CHANGE_WIDGET,,"Changer widget","Changer",
MOVE_FORWARD,,"← Avancer",
MOVE_BACKWARD,,"→ Reculer",
RESET_FLIGHT,,"Réinitialiser vol","Réinit. vol",
RESET_TIMERS,,"Réinitialiser chronos","Réinit. chronos",
RESET_TELEMETRY,,"Réinitialiser télémétrie","Réinit. télémétrie",
HOME,,"Principal",
LOCAL_ADDRESS,,"Adresse locale",
WAITING_FOR_DEVICES,,"En attente périphériques ...",
LOCAL_NAME,,"Nom local",
SEARCH_DEVICES,,"Chercher ...",
BLUETOOTH_DEVICE_CONNECTED,,"Périphérique bluetooth connecté",
NOT_CONNECTED,,"Non connecté",
CONFIRM_ALLOW_CONNECTION,,"Autoriser connexion ?"
BLUETOOTH_FIRMWARE_NEEDS_UPDATE,,"Mettre à jour le firmware Bluetooth !",
BLUETOOTH_MAINTENANCE,,"Maintenance Bluetooth",
DEVICE,,"Périphérique",
NO_BLUETOOTH_DEVICE_FOUND,,"Aucun périphérique bluetooth détecté !",
SPEAKER_MUTE,,"Couper haut-parleur",
DISCONNECT,,"Déconnecter",
WAITING_FOR_DEVICE,,"Connexion en cours ...",
DIST_ADDRESS,,"Adresse distante",
CONNECTING,,"Connexion en cours",
ROTARY_ENCODER_HALF_STEPS,,"Réduction sensibilité codeur rotatif",
BLUETOOTH_AUDIO,,"Audio Bluetooth",
NOT_INSTALLED,,"Non installé (défaut)",
INSTALLED_AS_AN_OPTION,,"Installé comme option",
HIGH_SPEED,,"Vitesse rapide",
NORMAL_SPEED,,"Vitesse normale",
CHECKLIST_WARNING,,"Alerte checklist",
RADIO_IS_IN_SILENT_MODE,,"Radio en mode silencieux",
RADIO_BATTERY_IS_LOW,,"Tension batterie TX faible",
THROTTLE_IS_NOT_IDLE,,"Mettre gaz au ralenti",
ARE_NOT_IN_SAFE_POSITION,," sont sur une mauvaise position",
IS_NOT_IN_SAFE_POSITION,," est sur une mauvaise position",
FUNCTION_SWITCHES_ARE_NOT_IN_SAFE_POSITION,,"Vérifier position inters de fonction !",
FAILSAFE_IS_NOT_SET,,"Failsafe non défini",
RTC_BATTERY_IS_LOW,,"Tension batterie RTC faible",
SYSTEM,,"Système",
FILE_MANAGER,,"Fichiers",
ALERTS,,"Alertes",
DATE_TIME,,"Date / Heure",
BATTERY,,"Batterie",
HARDWARE,,"Matériel",
STICKS,,"Manches",
SPECTRUM_ANALYSER,,"Analyseur spectre",
INFO,,"Info",
SERIAL_NUMBER,,"Numéro série",
RESET_FACTORY_SETTINGS,,"Réinit. paramètres usine",
CONFIRM_RESET_FACTORY_SETTINGS,,"Réiniitaliser ?",
GENERAL,,"Général",
NO_SD_CARD,,"Carte SD absente",
FLASH_BOOTLOADER,,"Mise à jour bootloader",
FLASH_INTERNAL_MODULE,,"Mise à jour module RF",
PLAY,,"Lire",
CURRENT_VERSION,,"Version actuelle",
FLASH_RECEIVER_BY_INTERNAL_MODULE_OTA,,"Mise à jour RX avec int. OTA",
FLASH_RECEIVER_BY_EXTERNAL_MODULE_OTA,,"Mise à jour RX avec ext. OTA",
OTA_UPDATE,,"Mise à jour OTA",
FLASH_EXTERNAL_DEVICE,,"Mise à jour périphérique externe",
OPEN,,"Ouvrir",
FLASH_EXTERNAL_MODULE,,"Mise à jour module externe",
FLASH_EXTERNAL_MULTIMODULE,,"Mise à jour multimodule externe",
MOVE_HERE,,"Déplacer ici",
OTA_UPDATE_ERROR,,"Erreur mise à jour OTA",
UNSUPPORTED_RX,,"RX non supporté",
SOUND,,"Audio",
DISPLAY,,"Affichage",
KEYBOARD,,"Clavier",
ENABLE_SLIDER,,"Activer curseur",
DISABLE_SLIDER,,"Désactiver curseur",
ALWAYS_ON,,"Toujours ON",
ALWAYS_OFF,,"Toujours OFF"
YES,,"Oui",
DIGITAL_RSSI,,"RSSI numérique",
GYRO,,"Gyro",
GYRO_SWITCHES,,"Inters Gyro",
LANGUAGE,,"Langue",
THEME,,"Thème",
LIGHT,,"Light"
DARK,,"Dark"
SWITCHES,,"Inters",
TOP_TOOLBAR,,"Barre infos sup.",
NO,,"Non",
BRIGHTNESS,,"Luminosité",
SLEEP_BRIGHTNESS,,"Luminosité veille",
TOP_LCD_SLEEP,,"Veille LCD sup.",
KEYS,,"Touches",
WAKE_UP,,"Activation",
DIGITAL_VOLTAGE,,"Affichage numérique",
SLEEP,,"Mise en veille",
BACKLIGHT,,"Rétro-éclairage",
HIGHLIGHT_COLOR,,"Couleur surbrillance",
VARIO,,"Vario",
MAIN_VOLUME,,"Volume principal",
STRENGTH,,"Intensité",
SILENT,,"Silencieux",
ALARMS_ONLY,,"Alarmes",
OFTEN,,"Fréquent",
ALWAYS,,"Toujours",
NEVER,,"Jamais",
WHEN_TELEMETRY_STREAMING,,"Pendant flux télémétrie",
VOICE1,,"Voix 1 (Principale)","Voix 1 (Princ.)"
VOICE2,,"Voix 2",
VOICE3,,"Voix 3",
AUDIO_VOLUME,,"Volume",
PITCH_AT_ZERO,,"Tonalité zéro",
SEQUENCE,,"Séquence",
PITCH_AT_MAX,,"Tonalité max",
REPEAT_AT_ZERO,,"Répétition",
SYSTEM_ALERTS,,"Alertes système",
INACTIVITY,,"Inactivité",
AUTO_ADJUST_FROM_GPS,,"Auto depuis GPS",
DATE,,"Date",
ADJUST_RTC_SPEED,,"Calibrer RTC",
SHOW_SECONDS,,"Affichage secondes",
IS24HOUR,,"Format horaire 24h",
TIME_ZONE,,"Fuseau horaire",
YEAR,,"Année",
MONTH,,"Mois",
TIME,,"Heure",
MAIN_VOLTAGE,,"Tension radio",
DISPLAY_VOLTAGE_RANGE,,"Plage affichage tension",
LOW_VOLTAGE,,"Alerte tension basse",
RTC_VOLTAGE,,"Tension pile RTC",
HARDWARE_CHECK,,"Vérif. matériel",
SWITCHES_SETTINGS,,"Configuration inters",
ADC_INSPECTOR,,"Vérif. analogique",
HOME_KEYMAP,,"Raccourcis touches",
POTS_SLIDERS_SETTINGS,,"Configuration pots/curseurs",
SWITCH,,"Inter",
THROTTLE_DEAD_BAND,,"Gaz:zone inactive"
ANALOGS_FILTER,,"Filtre analogique",
SLIDER_LEFT,,"Curs. gauche",
SLIDER_RIGHT,,"Curs. droit",
SWITCH_MIDDLE_DETECT_DELAY,,"Délai détection position centrale",
MOMENTARY,,"Poussoir",
TWO_POS,,"2-POS",
THREE_POS,,"3-POS",
MDL_LONG,,"Appui long MDL",
SYS_LONG,,"Appui long SYS ",
DISP_SHORT,,"Appui court {DISP_LABEL}",
DISP_LONG,,"Appui long {DISP_LABEL}",
ANALOGS_CALIBRATION,,"Calibration analog.",
CALIBRATE,,"Calibration",
CLICK_CALIBRATE_TO_START,,"Appuyer sur 'Calibration' pour commencer",
CENTER_STICKS_POTS_SLIDERS_AND_CLICK_NEXT,,"Centrer les manches/pots, puis appuyer sur 'Suivant'","Centrer les manches/pots, puis 'Suivant'",
MOVE_STICKS_POTS_SLIDERS_AND_CLICK_NEXT,,"Bouger les manches/pots dans tous les sens, puis appuyer sur 'Suivant'","Bouger les manches/pots dans tous les sens, puis 'Suivant'",
CALIBRATION_COMPLETE_CLICK_CONFIRM_TO_STORE,,"Calibration terminée, appuyer sur 'Confirmer' pour enregistrer",
NEXT,,"Suivant",
GYRO_CALIBRATION,,"Calibration gyros",
PREV,,"Précédent",
GYRO_CALIBRATION_PLACE_LEVEL,,"Mettre radio à l'horizontale\net appuyer sur le bouton 'Suivant'",
GYRO_CALIBRATION_LEFT,,"Tourner radio vers la gauche\net appuyer sur le bouton 'Suivant'",
GYRO_CALIBRATION_RIGHT,,"Tourner radio vers la droite\net appuyer sur le bouton 'Suivant'",
GYRO_CALIBRATION_NOSE_UP,,"Tourner radio vers le haut\net appuyer sur le bouton 'Suivant'",
GYRO_CALIBRATION_NOSE_DOWN,,"Tourner radio vers le bas\net appuyer sur le bouton 'Suivant'",
STARTING_CALIBRATION,,"Démarrage calibration ...",
CONFIRM_CONTINUE,,"Continuer ?",
THR_NOT_LOW_WARNING,,"Réduire gaz !",
CHANNELS_ORDER,,"Ordre voies",
STICKS_MODE,,"Mode",
STICKS_MODE_1,,"Mode 1",
STICKS_MODE_2,,"Mode 2",
STICKS_MODE_3,,"Mode 3",
STICKS_MODE_4,,"Mode 4",
FIRST_FOUR_CHANNELS_FIXED,,"4 premières voies fixes",
UNKNOWN,,"Inconnu",
FIRMWARE,,"Firmware",
RECEIVER,,"Récepteur",
NON_STABILIZED_RECEIVER,,"RX Non stabilisé",
THROTTLE_CUT,,"Coupure gaz",
THROTTLE_HOLD,,"Maintien gaz",
TRIGGER_VALUE,,"Valeur déclenchement",
IDLE_OUTPUT_VALUE,,"Valeur moteur coupé",
LOW_POSITION_TRIM,,"Trim ralenti",
SUNDAY,,"Dimanche",
MONDAY,,"Lundi",
TUESDAY,,"Mardi",
WEDNESDAY,,"Mercredi",
THURSDAY,,"Jeudi",
FRIDAY,,"Vendredi",
SATURDAY,,"Samedi",
JANUARY,,"Janvier",
FEBRUARY,,"Février",
MARCH,,"Mars",
APRIL,,"Avril",
MAY,,"Mai",
JUNE,,"Juin",
JULY,,"Juillet",
AUGUST,,"Août",
SEPTEMBER,,"Septembre",
OCTOBER,,"Octobre",
NOVEMBER,,"Novembre",
DECEMBER,,"Décembre",
MIX_SWITCH_DESCRIPTION,,,
MIX_WEIGHT_DESCRIPTION,,,
MIX_CURVE_DESCRIPTION,,,
MIX_DIFFERENTIAL_DESCRIPTION,,,
MIX_OUTPUT_DESCRIPTION,,,
MIX_INPUT_DESCRIPTION,,,
MIX_OPERATION_DESCRIPTION,,,
MIX_REVERSE_DESCRIPTION,,,
MIX_OFFSET_DESCRIPTION,,,
MIX_WEIGHTUP_DESCRIPTION,,"Valeur course maximum",
MIX_WEIGHTDOWN_DESCRIPTION,,"Valeur course minimum",
MIX_SPEEDUP_DESCRIPTION,,"Valeur ralenti haut",
MIX_SPEEDDOWN_DESCRIPTION,,"Valeur ralenti bas",
MIX_LOWPOSTRIM_DESCRIPTION,,"Trim actif uniquement ralenti",
CURRENT,,"Intensité",
VFAS,,"VFAS",
TEMPERATURE_2,,"Temp2",
TEMPERATURE_1,,"Temp1",
ACCX,,"AccX",
ACCY,,"AccY",
ACCZ,,"AccZ",
SD1_CHANNEL,,"SD1CH",
ESC_VOLTAGE,,"Tension ESC",
ESC_CURRENT,,"Intensité ESC",
ESC_RPM,,"ESC RPM",
ESC_CONSUMPTION,,"Conso. ESC",
ESC_TEMPERATURE,,"Temp. ESC",
BEC_VOLTAGE,,"Tension BEC",
BEC_CURRENT,,"Intensité BEC",
POWER_900M,,"Puissance 900M",
EDITABLE_SRV_DDD_CURR,,"Intensité SRV%d",
EDITABLE_SRV_DDD_VOLT,,"Tension SRV%d",
EDITABLE_SRV_DDD_TEMP,,"Temp. SRV%d",
RX_BATT,,"Tension RX",
RX_CURRENT,,"Intensité RX",
ALTITUDE,,"Altitude",
VSPEED,,"Vario",
MULTI_LIPO,,"Multi LiPo",
LIPO,,"LiPo",
UNIT_MILLILITER_PER_PULSE,,"ml/p",
UNIT_RPM,,"tr/m",
CALIBRATION,,"Calibrer",
INPUTS,,"Sources",
UPDATE,,"Mise à jour",
SDCARD,,"Carte SD",
SDCARD_ERROR,,"Erreur Carte SD",
INVALID_DATA,,"Données invalides",
FILE_BAD_FORMAT,,"Fichier inconnu",
NO_FILES_ON_SD,,"Carte SD vide !",
READ_ERROR,,"Erreur lecture",
WRITE_ERROR,,"Erreur écriture",
WRONG_HEADER,,"Mauvais entête",
WRONG_FORMAT,,"Format incorrect",
WRONG_CRC,,"CRC incorrect",
WRONG_FILE_SIZE,,"Taille fichier incorrecte",
WRONG_FILE,,"Fichier incorrect",
ERROR,,"Erreur",
RUDDER,,"Dérive",
ELEVATOR,,"Profondeur",
DELETE,,"Supprimer",
MODEL_BITMAP,,"Image modèle",
REVERSE,,"Inversé",
RATE,,"Taux",
UP,,"Haut",
DOWN,,"Bas",
LEFT_SHORT,,"G",
RIGHT_SHORT,,"D",
RIGHT,,"droite",
LEFT,,"gauche",
TOP,,"Haut",
BOTTOM,,"Bas",
TIMER_UP,,"Haut",
TIMER_DOWN,,"Bas",
LIMIT,,"Limite",
SPEED,,"Vitesse",
SET_DATE,,"Définir date",
SET_TIME,,"Définir heure",
SILENT_MODE,,"Silencieux",
KEY,,"Touche",
ALARM,,"Alarme",
TRIM,,"Trim",
SETUP_CHANNEL,,"Définir voies",
LOGIC_SWITCH,,"Inter logique",
CREATE_MODEL,,"Créer modèle",
SAVE,,"Sauvegarder",
LS,,"IL",
FS,,"IF",
OP,,"OP",
MASTER,,"Maitre",
SLAVE,,"Elève",
CANCEL,,"Annuler",
DELAY,,"Délai",
BLANK,,"Vide",
MODEL_NAME,,"Nom",
NO_AIRBRAKES,,"Pas d'aérofreins",
OK,,"OK",
FILE,,"Fichier",
FLASH_SPORT,,"Mise à jour par S.Port",
CATEGORY,,"Catégorie",
MEMBER,,"Source",
ANALOGS,,"Analogs",
SWITCHES_POSITIONS,,"Positions inters",
TRIMS_POSITIONS,,"Positions trims",
CONST_VALUE,,"Constante",
TRIM_T1_LEFT,,"T1 Gauche",
TRIM_T1_RIGHT,,"T1 Droit",
TRIM_T2_UP,,"T2 Haut",
TRIM_T2_DOWN,,"T2 Haut",
TRIM_T3_UP,,"T3 Haut",
TRIM_T3_DOWN,,"T3 Bas",
TRIM_T4_LEFT,,"T4 Gauche",
TRIM_T4_RIGHT,,"T4 Droit",
TRIM_T5_LEFT,,"T5 Gauche",
TRIM_T5_RIGHT,,"T5 Droit",
TRIM_T5_DOWN,,"T5 Bas",
TRIM_T5_UP,,"T5 Haut",
TRIM_T6_LEFT,,"T6 Gauche",
TRIM_T6_RIGHT,,"T6 Droit",
TRIM_T6_DOWN,,"T6 Bas",
TRIM_T6_UP,,"T6 Haut",
DIFFERENTIAL,,"Différentiel",
SLOW,,"Ralenti",
MULTIPLY,,"Multiplier",
WEIGHT_UP,,"Débat. haut",
WEIGHT_DOWN,,"Débat. bas",
OUTPUT,,"Sortie",
CLOSE,,"Fermer",
RESET_DEVICE,,"Réinit. périphérique ...",
LOW_BATTERY,,"Batterie radio faible !",
VOLTAGE_CALIBRATION,,"Calibrage tension",
STARTING_MODEL_WIZARD,,"Démarrage assistant ...",
RADIO_DATA_LOAD,,"Chargement des paramètres",
DEFAULT_SYSTEM_SETTINGS_RESTORED,,"Paramètres système par défaut chargés.",
FLIGHT_MODE_SHORT,,"PV",
DRIVE_MODE_SHORT,,"DM",
PREFLIGHT_WARNING,,"Avertissements avant vol",
NEW_MODEL,,"Nouveau",
NO_SD_CARD_WARNING,,"Absence carte SD !",
ADD_CURVE_ERROR,,"Echec ajout courbe !",
STEP,,"Pas",
AILERON,,"Aileron",
ELEVON,,"Elevon",
SPACE_WITH_CHANNEL,," voie",
QUESTION_SWAP_SSS_AND_SSS_CHANNELS_SETTINGS,,"Echanger paramètres de %s et %s ?",
INPUT,,"Source",
THR_CURVE,,"Courbe gaz",
PITCH_CURVE,,"Courbe pas",
DELAY_UP,,"Délai haut",
DELAY_MID,,"Délai moyen",
DELAY_DOWN,,"Délai bas",
NO_DELAY,,"Pas de délai",
V_TAIL,,"Empen. en V",
DATA_REFUSED,,"Donnée refusée",
DEVICE_NOT_RESPONDING,,"Pas de réponse périphérique",
NO_OUTPUT,,"Pas de voie",
WEIGHT_RATES,,"Courses",
OTHERWISE,,"Autrement",
AUTO,,"Auto",
NEGATIVE,,"Négatif",
POSITIVE,,"Positif",
AND,,"AND",
OR,,"OR",
XOR,,"XOR",
SENSORS,,"Capteurs",
SETTINGS,,"Paramètres",
COPY_SETTINGS,,"Copier paramètres",
PASTE_SETTINGS,,"Coller paramètres",
RECEIVERS,,"Récepteurs",
SERVOS,,"Servos",
FLIGHT_SAFETY,,"Sécurité Vol",
VARIOMETER,,"Vario",
ALARMS,,"Alarmes",
SENSOR,,"Capteur",
SELECT_LANGUAGE,,"Choix langue",
ONCE,,"Une fois",
FLIGHT_DATA,,"Données vol",
ALL_TIMERS,,"Tous les chronos",
WHOLE_TELEMETRY,,"Toute la télémétrie",
REPEAT,,"Répétition",
WAV_FILE,,"Fichier Wav",
MISSING_BASIC_MIX,,"Mixage de base absent",
MISSING_ENOUGH_CHANNEL,,"Nombre de voies disponible insuffisant",
NOT_SUITABLE_FOR_THIS_MODEL,,"Mixage incompatible avec modèle",
TEMPERATURE,,"Température",
DATA_RATE,,"Fréq. données",
EW,,"EW",
NS,,"NS",
SKIP_ON_STARTUP,,"Non lu au démarrage",
LOW_VALUE_WARNING,,"Valeur basse",
CRITICAL_VALUE,,"Valeur critique",
UPGRADE_MODULE,,"Mise à jour du module",
AUTHENTICATION_FAILURE,,"Erreur authentification",
MODULE_NEEDS_UPGRADE,,"Mise à jour module nécessaire",
CLEAR,,"Effacer",
HELI_PITCH,,"Pas",
HELI_GYRO,,"Gyro",
MISSING_THROTTLE,,"Modèle sans moteur",
SIX_POSITIONS_SWITCH,,"Inter 6-POS",
GYRO_X_AXIS,,"Gyro Axe X",
GYRO_Y_AXIS,,"Gyro Axe Y",
GYRO_LEFT,,"Gyro Gauche",
GYRO_RIGHT,,"Gyro Droite",
GYRO_UP,,"Gyro Haut",
GYRO_DOWN,,"Gyro Bas",
AILERON_LETTER,,"A",
RUDDER_LETTER,,"D",
ELEVATOR_LETTER,,"P",
THROTTLE_LETTER,,"G",
NOT,,"NON",
STICKY,,"Sécurité armement",
EDGE,,"Front",
MIDDLE,,"Milieu",
CHANNELS_1,,"1 voie",
CHANNELS_2,,"2 voies",
CHANNELS_3,,"3 voies",
CHANNELS_4,,"4 voies",
BEEP,,"Bips",
IN_RANGE,,"Compris entre",
REPLACE,,"Remplacer",
USE_A_SOURCE,,"Utilisation source",
CONVERT_TO_VALUE,,"Valeur fixe",
SPECIAL,,"Spécial",
MAXIMUM,,"Maximum",
MINIMUM,,"Minimum",
DEFAULT,,"Par défaut",
AM,,"AM",
PM,,"PM",
RF_ALWAYS_OFF,,"Mode spécial, module RF restera OFF.",
STAB_FUNC,,"Fonction stabilisation",
RX_PROTOCOL,,"Protocole RX",
NO_MAP,,"Pas de redirection",
STICKS_NAME,,"Nom manches",
CHANNELS_COUNT,,"Nombre de voies",
OUTPUTS_COUNT,,"Nombre de sorties",
EXT,,"Ext.",
INT,,"Int.",
ADD_A_NEW_WEIGHT,,"Ajouter course",
ADD_A_NEW_CONDITION,,"Ajouter condition",
ADD_A_NEW_CURVE,,"Ajouter courbe",
AUDIO,,"Audio",
VOICE,,"Voix",
PRIORITY,,"Priorité"
VAR,,"Var",
VOLUME,,"Volume",
TIMER_GENERATOR,,"Générateur fonction",
CONFIRM_CLEAR_CHANNEL_DDD_NAME,,"Voie %d non utilisée dans un mixage.\nEffacer nom ?",
EDIT_SSS,,"Editer %s",
RESET_SSS,,"Réinitialiser %s",
OPTIONS_3DOTS,,"Options ...",
QUESTION_COPY_CHANNEL_NAME,,"Voie sans nom.\nAttribution nom mixage ?",
FLY_BAR_LESS,,"Flybarless",
OUTPUT_VOLTAGE,,"Tension sortie",
LIPO_VOLTAGE,,"Tension Lipo",
RB_10_20,,"RB 10/20",
CURRENT_DATA_RATE,,"Fréq. données Intensité",
VOLTAGE_DATA_RATE,,"Fréq. données Tension",
NEED_FIRMWARE_UPDATE,,"Mise à jour firmware nécessaire",
SYSTEM_VALUE,,"Valeur système",
GPS_CLOCK,,"Horloge GPS",
POTS_SLIDERS,,"Pots / Curseurs",
STICKS_POTS_SLIDERS,,"Manches / Pots / Curseurs",
WRITE_INTERVAL,,"Fréq. écriture",
TX_BATT,,"Bat.TX",
AVERAGE,,"Moyenne",
TOTALIZE,,"Total",
CELL,,"Elément",
CONSUMPTION,,"Consommation",
CAPACITY,,"Capacity"
DISTANCE,,"Distance",
FALLING_EDGE_OF_SSS_BETWEEN_SSS_AND_SSS,,"↑↓Pulse de %s entre %s et %s",
RISING_EDGE_OF_SSS_DURING_SSS,,"Front↑ de %s pendant %s",
FALLING_EDGE_OF_SSS_DURING_SSS,,"Front↓ of %s pendant %s",
FALLING_EDGE_OF_SSS,,"Front↓ de %s",
RISING_EDGE_OF_SSS,,"Front↑ de %s",
STALL,,"Bloqué",
CONDITION,,"Condition",
TIMER_LOGS,,"Chrono DLG",
SAVE_TO_SD,,"Enregistrement sur SD",
CLEAR_LOGS,,"Effacer données",
TITLE,,"Titre",
LOWEST,,"Minimum",
COUNT,,"Nombre",
HIGHEST,,"Maximum",
BLADES,,"Pales",
MAINGEAR_TEETH,,"Nb dents plateau",
PINION_TEETH,,"Nb dents pignon",
GEAR,,"Train",
PROPELLER,,"Hélice",
FLIGHT_VALUE,,"Valeur vol",
CURRENT_FLIGHT_MODE,,"Phase vol actuelle",
NO_DESTINATION,,"Pas de destination",
ENT_LONG,,"Appui long ENT",
RX_STILL_ON_TURN_OFF_TRANSMITTER,,"RX toujours ON. Arrêt émetteur ?",
CONFIRM_RESET_SENSOR,,"Réiniitaliser capteur ?",
SYSTEM_EVENT,,"Evénement système",
RSSI_LOW,,"RSSI faible",
TRAINER_ACTIVE,,"Ecolage actif",
MULTIPLIER,,"Multiplier",
VERTICAL,,"Vertical",
HORIZONTAL,,"Horizontal",
TOTAL,,"Total",
CELLS,,"Eléments",
RACING_MODE_ACTIVE,,"Mode course actif",
RACING_MODE_IS_UNSUPPORTED,,"Mode course non supporté",
LINE_CHART,,"Tracé ligne",
LOG_PERIOD,,"Intervalle enregistrement",
RESUME,,"Reprendre",
PAUSE,,"Pause",
AUTO_RANGE,,"Echelle auto",
LOCK,,"Verrouil.",
GLOBAL,,"Global",
_2DOTS,," : ",
SUMMARY,,"Résumé",
CONFIRM_STOP_USING_CURVE,,"Supprimer utilisation courbe ?",
CONFIRM_STOP_USING_RATE,,"Supprimer course ?",
PATTERN,,"Séquence",
ROLL_ANGLE,,"Roulis",
PITCH_ANGLE,,"Tangage",
HYDRAULIC_PRESSURE,,"Pression",
IGNORE_TRAINER_INPUT,,"Non contrôlé par élève",
FULL_RANGE,,"Course complète",
IGNORE_RANGE,,"Ignorer course",
HALF_RANGE,,"Demi-course",
VIEW_PER_CHANNEL,,"Vue par voies",
VIEW_TABLE,,"Vue par défaut",
RX_STILL_ON_TURN_OFF_RF,,"RX toujours ON. Confirmer l'arrêt ?",
LOAD_ALL_FUNCTION_SWITCH_POSITIONS,,"Charger positions inters fonction","Charger positions IF",
CONFIRM_LOAD_ALL_FUNCTION_SWITCH_POSITIONS,,"Remplacer positions IF actuelles ?",
STORAGE_LOCATION,,"Emplacement stockage",
RADIO,,"Radio",
MODELS,,"Modèles",
USER_BITMAPS,,"Images",
SCRIPTS,,"Scripts",
LOGS,,"Logs",
SCREENSHOTS,,"Captures écran",
PRESSURE,,"Pression",
COLOR,,"Couleur",
CONFIRM_CLEAR_CHANNELS_SSS_NAME,,"Aucun mixage n'utilise la voie %s. Effacement nom des voies ?",
CHANNEL_SBUS_VALUE_LIMIT_WARNING,,"Valeur incompatible avec SBUS/redondance !",
VOLTAGE,,"Tension",
SAVE_TO_FILE,,"Ecrire dans fichier",
FLASH_VIDEO_COMPONENT,,"Mettre à jour périphérique vidéo",
RX_BAT_VOLTAGE,,"Tension batterie RX",
RX_BAT_2_VOLTAGE,,"Tension batterie2 RX",
EXT_ADC_VOLTAGE,,"Tension ADC externe",
BOARD_CURRENT,,"Intensité carte",
POWER_ON_RESET,,"Réinit. au démarrage",
PIN_RESET,,"Pin Reset",
WAKE_UP_RESET,,"Wake Up Reset",
WATCHDOG_RESET,,"Watchdog Reset",
LOCKUP_RESET,,"Lockup Reset",
BROWN_DOWN_DET_RESET,,"Brown Down Detection Reset",
RX_RESET_CASE,,"Cas Réinit. RX",
OPERATION_ASSIGN,,"Egal(=)",
OPERATION_ADD,,"Ajouter(+)",
OPERATION_SUBTRACT,,"Soustraire(-)",
OPERATION_MULTIPLY,,"Multiplier(*)",
OPERATION_DIVIDE,,"Diviser(/)",
SQRT,,"R.Carré",
REPURPOSE,,"Redéfinir",
SENSOR_CONFLICT_WARNING,,"Conflit capteurs",
NIGHTLY_BUILD_NOT_FOR_FLYING,,"Version de développement, ne pas utiliser pour le vol !",
READING_FILE,,"Lecture en cours ...",
NOT_ENOUGH_MEMORY,,"Mémoire insuffisante",
CLEAN_LOGS,,"Effacer les logs",
CONFIRM_CLEAN_LOGS,,"Supprimer fichiers .csv du répertoire ?",
CLEANING_LOGS,,"Nettoyage en cours ...",
PAUSE_CONDITION,,"Condition pause",
RESET_SETTINGS,,"Réinitialiser paramètres","Réinit. paramèt.",
SWAP_CHANNELS,,"Echanger voies",
CONFIRM_RESET_SETTINGS,,"Réiniitaliser valeurs par défaut ?",
COMPETITION_OPTION,,"Compétition (RSSI et Batterie)",
CONFIRM_SSS_USED_BY_SSS,,"%s est utilisé par %s, continuer ?",
BOTH_MODULES,,"Les deux modules",
SPORT_CONNECTOR,,"Connecteur S.Port",
TELEMETRY_FORWARDING,,"Transfert télémétrie",
SPORT_CONNECTOR_POWER,,"Alim.(5V) sur connecteur S.Port",
FBUS_VIA_SPORT_CONNECTOR,,"FBUS via connecteur S.Port",
TRAINER_CABLE,,"Cable écolage",
BLUETOOTH,,"Bluetooth",
ACTIVELOOK_GLASSES,,"Lunettes ActiveLook",
GLASSES,,"Lunettes"
LUA_TASKS,,"Taches Lua",
LUA_SOURCES,,"Sources Lua",
MISSING_SCRIPT_FILE,,"Script absent",
BITMAP,,"Image",
BITMAP_TYPE,,"Type image",
BITMAP_FILE,,"Fichier image",
FILE_PATH,,"Répertoire",
TEXT,,"Texte",
DOCUMENTS,,"Documents",
USB_MODE_PRESELECTION,,"Mode USB par défaut",
SHUTDOWN_DELAY,,"Shutdown delay"
USB_MODE,,"Mode USB",
JOYSTICK,,"Joystick",
SERIAL,,"Série",
SELECT_MODEL_AT_POWER_ON,,"Choix modèle au démarrage",
LOAD_MODEL,,"Charger modèle",
TELEMETRY_ACTIVE,,"Télémétrie active",
FLIGHT_RESET,,"Réinitialiser vol","Réinit. vol",
TRIP_RESET,,"Réinitialiser parcours","Réinit. parcours",
THROTTLE_ACTIVE,,"Gaz actif",
COUNTING_SOURCE,,"Source proportionnelle",
SEND_FILE,,"Envoyer fichier",
FILE_TRANSFER,,"Transfert fichier",
RECEIVE_FILE,,"Réception fichier",
WAITING_FOR_CONNECTION,,"En attente de connexion ...",
CONNECTION_REFUSED,,"Connexion refusée",
WAITING_FOR_RECEIVER_CONFIRMATION,,"En attente de confirmation récepteur ...",
FILE_TRANSFER_FAILED,,"Erreur transfert fichier",
CONFIRM_RECEIVE_FILE_SSS_IN_FOLDER_SSS_SIZE_IS_SSS,,"Réception fichier %s dans répertoire %s\nTaille fichier %s",
CONFIRM_OVERWRITE_FILE_SSS_IN_FOLDER_SSS_SIZE_IS_SSS,,"Ecriture fichier %s dans répertoire %s\nTaille fichier %s",
SENDING_SSS,,"Envoi %s ...",
RECEIVING_SSS,,"Réception %s ...",
SEND_MODEL,,"Envoyer",
RECEIVE_MODEL,,"Recevoir",
ARE_YOU_USING_A_FRSKY_SELF_STAB_RECEIVER,,"Choix RX Gyro Stab FrSky ?",
EMERGENCY,,"Urgence",
GAIN_ADJUST,,"Ajust. gain",
ASSIGN_INPUT_HINT,,"Choisir sources pour fonctions suivantes",
CONFIRMATION,,"confirmer",
ENABLE_XXX,,"Activer %s?",
DISABLE_XXX,,"Désactiver %s?",
CONFIRMATION_BEFORE_ACTIVE,,"Confirmer avant activation",
CONFIRMATION_BEFORE_INACTIVE,,"Confirmer avant désactivation",
REMOTE_NFC,,"Inter NFC",
SWITCH_CHANNEL,,"Voie inter.",
WIRELESS,,"Sans fil",
TIMEOUT,,"Délai dépassé",
NO_ENABLED_MODULE,,"Choix module à appairer avec NFC",
GET_MODULE_UUID_FAILED,,"Erreur sélection module UUID.\nVérifier état du module !",
BIND_NFC_FAILED,,"Erreur appairage NFC avec module !",
PROTOCOL_NOT_SUPPORTED,,"Protocole non pris en charge !",
CONFIRM_DELETE_TRIM,,"Supprimer trim ?",
LEFT_STICK,,"Manche gauche",
RIGHT_STICK,,"Manche droit",
ALL_MOTORS,,"Tous les vibreurs",
SELECT,,"Choisir",
SINGLE_MOTOR,,"Vibreur unique",
STICK_MOTORS,,"Vibreur sous chaque manche",
CONFIRM_DELETE_ACTION,,"Supprimer action ?",
CONFIRM_DELETE_SCREEN,,"Supprimer écran ?",
CONFIRM_DELETE_SENSOR,,"Supprimer capteur ?",
FILE_ALREADY_EXISTS,,"Un fichier du même nom existe déjà",
MODEL_RUNTIME,,"Temps utilisation modèle","Utilisation modèle",
RADIO_RUNTIME,,"Temps utilisation radio","Utilisation radio",
WAITING_FOR_SIGNAL,,"en attente du signal ...",
CONFIRM_RESET_RUNTIME,,"Remise à zéro.\nContinuer ?",
BANK,,"Bank",
POWER_SWITCH,,"Interrupteur",
CURRENT_AND_VOLTAGE_RATE,,"Fréq. intensité & tension",
BEC_VOLTAGE_RATE,,"Fréq. tension BEC",
SBEC_VOLTAGE,,"Tension SBEC",
BATTERY_MODE,,"Mode Batterie",
SWITCH_VOLTAGE,,"Changer tension",
BALANCE,,"Equilibrer",
BACKUP,,"Sauvegarder",
BALANCE_CHANNELS,,"Equilibrer voies",
CHOOSE_CHANNELS,,"Choisir les voies",
BALANCE_CURVE,,"Courbe équilibrage",
CONFIRM_TO_SHARE_RECEIVER,,"Partager ce récepteur ?",
CONFIRM_TO_UNBIND_RECEIVER,,"Réinitialiser l'appairage du récepteur ?",
CONFIRM_FRSK_NOT_COMPATIBLE,,"Fichier non compatible. Continuer ?",
RX_VFR,,"Rx VFR",
SMOKE_PUMP_VOLTAGE,,"V Pompe fumi.",
SMOKE_PUMP_CURRENT,,"I Pompe fumi.",
SMOKE_PUMP_TEMPERATURE,,"T° Pompe fumi.",
SMOKE_PUMP,,"Pompe fumigène",
SOLENOID_VALVE,,"Electrovanne",
BIND_CARD,,"Carte appairage",
WAITING_FOR_NFC_CARD,,"Maintenir la clé NFC proche du panneau NFC pour appairage...",
BIND_CARD_SUCCESS,,"Appairage carte NFC réussi !",
BIND_CARD_FAIL,,"Echec appairage carte NFC !",
BUS_INVERT,FBUS and F.Port inverted on receiver (Yes / No),"Bus inversé",
SBEC_INPUT_VOLT,,"Tension entrée SBEC",
OVER_CURRENT,,"Surintensité",
READ_MAG_ERROR,,"Erreur lecture aimant",
LOW_VOLTAGE,,"Tension basse",
UNKNOWN_ERROR,,"Erreur inconnue",
WORKING_MODE,,"Mode fonctionnement",
ANGLE_MODE,,"Mode angulaire",
RANGE_MODE,,"Mode course",
ROTATE_MODE,,"Mode rotation",
XACT_RANGE,,"Course (Uniq. ce mode)",
XACT_MAX_ANGLE,,"Angle max (Uniq. ce mode)",
POT_GAP,,"Zone neutre",
EDITABLE_SRV_DDD_VELOCITY,,"Vit. SRV%d",
EDITABLE_SRV_DDD_STATE,,"Etat SRV%d",
EDITABLE_SRV_DDD_POS,,"Pos. SRV%d",
GEAR_CHANNEL,,"Voie train",
GEAR_OPERATING_VOLTAGE,,"Tension utilisation train",
DOOR_OPERATING_VOLTAGE,,"Tension utilisation trappe",
REAR_DOOR_MODE,,"Mode trappe principale",
NOSE_DOOR_MODE,,"Mode trappe avant",
LEFT_GEAR_STALL_CURRENT,,"I max train gauche",
RIGHT_GEAR_STALL_CURRENT,,"I max train droit",
NOSE_GEAR_STALL_CURRENT,,"I max train avant",
LEFT_GEAR_INVERT,,"Inverser train gauche",
RIGHT_GEAR_INVERT,,"Inverser train droit",
NOSE_GEAR_INVERT,,"Inverser train avant",
DOOR_SPEED,,"Vitesse trappe",
NOSE_DOOR_CLOSE_VALUE,,"Valeur trappe avant fermée",
NOSE_DOOR_OPEN_VALUE,,"Valeur trappe avant ouverte",
RIGHT_DOOR_CLOSE_VALUE,,"Valeur trappe droite fermée",
RIGHT_DOOR_OPEN_VALUE,,"Valeur trappe droite ouverte",
LEFT_DOOR_CLOSE_VALUE,,"Valeur trappe gauche fermée",
LEFT_DOOR_OPEN_VALUE,,"Valeur trappe gauche ouverte",
DELAY_AFTER_DOOR_OPEN,,"Délai après ouverture trappe",
DELAY_BEFORE_DOOR_CLOSE,,"Délai avant fermeture trappe",
DOORS_CALIBRATION,"Sans","Calibration trappes",
DOORS_POSITIONS_RESET,"Sans","Réinit. positions trappes",
RESET_DOORS_POSITIONS,,"Réinit. positions trappes",
BRAKE_CHANNEL,,"Voie freins",
BRAKE_OPERATING_VOLTAGE,,"Tension utilisation freins",
RIGHT_BRAKE_FORCE,,"Puissance frein droit",
LEFT_BRAKE_FORCE,,"Puissance frein gauche",
BRAKE_VELOCITY_THRESHOLD,,"Seuil rapidité frein",
GEAR_UP_BRAKE_FORCE,,"Puissance frein train up",
BRAKE_STABILIZER_WEIGHT,,"Course stab. frein",
STEERING_CHANNEL,,"Voie direction",
STEERING_RANGE,,"Débattemnt direction",
HEADING_HOLD,,"Maintien cap",
STABILIZED,,"Stabilisé",
STEERING_STABILIZER_MODE,,"Mode stab. direction",
STEERING_STABILIZER_GAIN,,"Gain stab. direction",
STEERING_STABILIZER_DIRECTION,,"Orientation stab. direction",
STEERING_TRIM,,"Trim direction",
STALL_CURRENT,,"Courant protection",
NOSE_DOOR_CLOSE,,"Fermeture trappe avant",
NOSE_DOOR_OPEN,,"Ouverture trappe avant",
RIGHT_DOOR_CLOSE,,"Fermeture trappe droite",
RIGHT_DOOR_OPEN,,"Ouverture trappe droite",
LEFT_DOOR_CLOSE,,"Fermeture trappe gauche",
LEFT_DOOR_OPEN,,"Ouverture trappe gauche",
END_CALIBRATION,,"Fin calibration",
END_CALIBRATION_MESSAGE,,"Fin calibration en cours, attendre la fermeture de la boite de dialogue ...",
PGC_CALIBRATE_MESSAGE,,"Please press the calibration direction button to begin calibration. Press Stop when indicated by the real-time status from the PGC.",
STOP,,"Stop",
NOSE_DOOR,,"Trappe avant",
LEFT_DOOR,,"Trappe gauche",
RIGHT_DOOR,,"Trappe droite",
CALIBRATE_CLOSE_POSITION,,"Calibrer position fermée",
CALIBRATE_OPEN_POSITION,,"Calibrer position ouverte",
SEQUENCER,,"Séquenceur",
LOOP_MODE,,"Boucle",
FORWARD_CONDITION,,"Condition aller",
FORWARD_DURATION,,"Durée aller",
BACKWARD_CONDITION,,"Condition retour",
BACKWARD_DURATION,,"Durée retour",
EARLY,,"Continu",
ADD_A_NEW_OUTPUT,,"Ajouter voie",
REMOVE_OUTPUT,,"Supprimer voie",
EDIT_CURVE,,"Modifier courbe",
ADD_A_BACKWARD_CURVE,,"Ajouter courbe retour",
USE_ONLY_ONE_CURVE,,"Courbe unique A/R ",
EDIT_BACKWARD_CURVE,,"Modifier courbe retour",
EDIT_FORWARD_CURVE,,"Modifier courbe aller",
TRIM_T1_CW,,"T1 CW"
TRIM_T1_CCW,,"T1 CCW"
TRIM_T2_CW,,"T2 CW"
TRIM_T2_CCW,,"T2 CCW"
TRIM_T3_CW,,"T3 CW"
TRIM_T3_CCW,,"T3 CCW"
TRIM_T4_CW,,"T4 CW"
TRIM_T4_CCW,,"T4 CCW"
TRIM_T5_POS,,"T5 +"
TRIM_T5_NEG,,"T5 -"
TRIM_T6_POS,,"T6 +"
TRIM_T6_NEG,,"T6 -"
