String name, String context, X20(...) / XE(S) / V20(PRO), X18RS / X14(...) / T14 / V15, All other radios,
TRANSLATION_KEY,,ru,,,
TRANSLATION_NAME,,Русский,,,
TRANSLATION_FALLBACK_NAME,,Russian,,,
TRANSLATION_FONT_SUBSET,,cyrillic,,,
SPECIAL_CHARS,,_-+.,,,
FORMULA,,Формула,,,
CALCULATED_SENSOR,,Вачисляемый датчик,,,
NAME,,Имя,,,
DECIMALS,,Десятичные,,,
VALUE,,Величина,,,
SENSOR_LOST_WARNING_DELAY,,Задержка сигнала при потере данных,,,
WARNING_DISABLED,,Сигнал предупреждения отключен,,,
RANGE,,Диапазон,,,
SPACE_WITH_SAMPLES,,Примеры,,,
RESET,,Сброс,,,
TELEMETRY_SENSOR,,Датчик телеметрии,,,
UNIT,,Единица,,,
WRITE_LOGS,,Записывать отчет,,,
ID,,ID,,,
CENTER,,Центр,,,
LOCKING_ARM_STRENGTH_P1,,Сила удержания (P1),,,
LOCKING_ARM_STRENGTH_P2,,Сила удержания (P2),,,
FRICTION_D1,,Трение (D1),,,
FILTER_TD,,Фильтр (TD / D2),,,
SUBTRIM,,Субтрим,,,
PWM_CENTER,,PWM центровка,,,
NORMAL,,Нормальный,,,
EQUAL,,Равный,,,
TEST,,TEST,,,
UNPLUGGED,,Отключено,,,
BEHAVIOUR,,Поведение,,,
ADD_A_NEW_BEHAVIOUR,,Добавить новое поведение,,,
ADD_EXTRA_TRIM,,Добавить внешний триммер,,,
EXTRA_TRIM,,Внешний триммер,,,
SLOW_UP,,Притормозить,,,
MIN,,Мин,,,
CURVE,,Кривая,,,
MAX,,Макс,,,
CHANNEL,,Канал,,,
INVERT,,Обратный,,,
SLOW_DOWN,,Замедлить,,,
INVERTED,,Инвертированный,,,
FLIGHT_MODES,,Полетные режимы,,,
DRIVE_MODES,,Режимы вождения,,,
MIX_NAME_DESCRIPTION,,Наименование микшера,,,
TRIGGER_ON_CONDITION,,Условие срабатывания,,,
COMMENT,,Коментарий,,,
FUNCTION,,Функция,,,
VALUES,,Величины,,,
ADD_A_NEW_VALUE,,+Добавить новую величину,,,
ACTIONS,,Действие,,,
ADD_A_NEW_ACTION,,+Добавить новое действие,,,
ADD_A_NEW_LOGIC_SWITCH,,+Добавить новый логический выключатель,,,
DURATION_HIGH,,Время активности,,,
RISING_EDGE,,Передний фронт,,,
DURING,,В течении,,,
VALUE1,,Значение 1,,,
VALUE_X,,Значение (Х),,,
CHECK_INTERVAL,,Проверка интервала,,,
ACTIVE_CONDITION,,Активное состояние,,,
MIN_DURATION,,Мин период,,,
MAX_DURATION,,Макс период,,,
DURATION_LOW,,Время бездействия,,,
VALUE2,,Значение 2,,,
DELAY_BEFORE_ACTIVE,,Задержка перед выполнением,,,
DURATION,,Действие,,,
SOURCE_A,,Источник (А),,,
TRIGGER_OFF_CONDITION,,Условие отключения,,,
DELAY_BEFORE_INACTIVE,,Задержка перед бездействием,,,
DELAY_ON_OFF,,Задержка ВКЛ/ВЫКЛ,,,
SOURCE,,Источник,,,
APPLICATION_ID,,ID приложения,,,
PHYSICAL_ID,,ID Физический,,,
ACTION,,Действие,,,
TRAINER,,Тренер,,,
TRAINER_MODE,,Режим тренера,,,
CHANNEL_RANGE,,Диапазон каналов,,,
CH,,Канал,,,
OUTPUTS,,Выходы,,,
LAST_MODIFICATION,,Последняя модификация,,,
DESCENDING,,Нисходящий,,,
SORT_BY,,Сортировка по…,,,
ASCENDING,,Восходящий,,,
CLONE,,Клонировать,,,
MODEL_MATCH,,ID модели,,,
MODEL_DATA_LOAD,,Загрузка данных модели,,,
FILE_SIZE,,Размер файла,,,
MODEL_SELECT,,Выбор модели,,,
NO_MODELS_DIRECTORY,,Отсутствует директория моделей!,,,
ARE_YOU_SURE_YOU_WANT_TO_DELETE_THIS_MODEL,,"Вы уверены, что хотите удалить модель?",,,
SUCCESS,,Выполнено!,,,
CLONE_MODEL_SUCCESSFULLY,,Модель клонирована успешно!,,,
FILENAME_TOO_LONG,,Имя файла очень длинное!,,,
RX_STILL_ON_SELECT_ANOTHER_MODEL,,"Приёмник ещё включён, вы уверены что хотите сменить модель?",,,
CONFIRM_SELECT_ANOTHER_MODEL,,"Вы уверены, что хотите сменить модель?",,,
FILE_NAME,,Имя файла,,,
MODEL_TYPE,,Тип модели,,,
CONFIRM,,Подтвердить,,,
SET_CURRENT_MODEL,,Выбрать текущую модель,,,
UNCATEGORIZED,,Без категории,,,
CHANGE_FOLDER,,Сменить каталог,,,
OPERATION,,Действие,,,
OPERATION_FAILED,,Действие не выполнено!,,,
DELETE_FOLDER,,Удалить каталог,,,
RENAME,,Переименовать,,,
CREATE_FOLDER,,Создать каталог,,,
CONFIRM_DELETE_FLIGHT_MODE,,"Вы уверены, что хотите удалить этот полетный режим?",,,
MOVE,,Переместить,,,
EDIT,,Редактировать,,,
ADD,,Добавить,,,
TELEMETRY_PORT,,Порт телеметрии,,,
WARNING,,Предупреждение,,,
ERRORS,,Ошибки,,,
OPTIONS,,Опции,,,
CONFIGURE,,Конфигурация,,,
WAITING_FOR_RECEIVER,,Ожидание приёмника,,,
PIN,,Разъём,,,
TELEMETRY,,Телеметрия,,,
RX_SETTINGS,,Настройки приёмника,,,
NO_RESPONSE_FROM_RECEIVER,,Приёмник не отвечает,,,
SBUS_OUT,,Выход SBUS,,,
SBUS_IN,,Вход SBUS,,,
TELEMETRY_25_MW,,Уменьшенная мощность телеметрии (25мВт),,,
HIGH_PWM_SPEED,,Высокая скорость PWM,,,
FLIGHT_DATA_RECORDER,,Запись полетных данных,,,
RX_HAS_NO_FLIGHT_DATA_RECORD,,Приёмник не имеет регистратора полетных данных,,,
DEVICE_CONFIG,,Конфигурация прибора,,,
CONFIRM_DELETE_TIMER,,"Вы уверены, что хотите удалить этот таймер?",,,
TIMER,,Таймер,,,
MODE,,Режим,,,
PASTE,,Вставить,,,
TIMERS,,Таймеры,,,
COPY,,Копировать,,,
NO_TIMER_YET_PRESS_ADD_TO_CREATE_ONE,,"Таймер ещё не существует. Нажмите кнопку ""добавить"" чтобы создать его!",,,
ANTENNA,,Антенна,,,
POWER_HAS_BEEN_CHANGED_PLEASE_REBIND,,"Мощность изменена, пожалуйста привяжите приёмник снова!",,,
NO_RESPONSE_FROM_MODULE,,Модуль не отвечает!,,,
POWER,,Мощность,,,
BAUDRATE,,Скорость порта,,,
ARMING_CONDITION,,Предполетная проверка,,,
WAITING_FOR_MODULE,,Ожидание модуля,,,
TX_SETTINGS,,Настройка передатчика,,,
MIXES,,Микшер,,,
CHANNELS,,Каналы,,,
FLIGHT_MODE,,Полетный режим,,,
DRIVE_MODE,,Режим вождения,,,
D,,D,,,
CONFIRM_DELETE_MIX,,Вы уверены что хотите удалить этот микшер?,,,
CONFIRM_DELETE_SSS,,Вы уверены что хотите удалить %с?,,,
NONE,,Нет,,,
NO_MIX_YET_PRESS_ADD_TO_CREATE_ONE,,"Микшер to` не создан. Нажмите ""добавить"" чтобы создать его!",,,
TYPE,,Тип,,,
SHARE,,"????????? I can't translate it because it's unclear in what context the word ""Share"" is used.",,,
RX,,Приемник,,,
RACING_MODE,,Гоночный режим,,,
RANGE_CHECK,,Проверка диапазона,,,
EXTERNAL_MODULE,,Внешний модуль,,,
BIND_OK,,Привязка выполнена,,,
BINDING_3DOTS,,Привязка…,,,
BIND,,Привязка,,,
FAILSAFE,,Фейлсейф,,,
INTERNAL_MODULE,,Внутренний модуль,,,
SET_FAILSAFE,,Настройка фейлсейф,,,
RESET_BIND,,Сброс привязки,,,
FACTORY_RESET,,Сброс до заводских настроек,,,
RF_SYSTEM,,Радио система,,,
LINKS,,Протоколы связи,,,
OWNER_REGISTRATION_ID,,ID Идентификатор ,,,
SELECT_DEVICE,,Выбрать прибор,,,
REGISTER,,Регистрация,,,
VALID_FRAME_RATE,,Допустимая частота кадров,,,
STATE,,Состояние,,,
PROTOCOL,,Протокол,,,
ARE_YOU_SURE_TO_RESET_THIS_RECEIVER,,Вы уверены что хотите сбросить настройки этого приемника?,,,
SET,,Настроить,,,
EXPO,,Экспонента,,,
UNIT_POINTS_COUNT,,точки,,,
WEIGHT,,Вес,,,
POINTS,,Точки,,,
OFFSET,,Смещение,,,
AUTO_OFFSET,,Автосмещение,,,
OFFSET_WHEN_ACTIVE,,Смещение в случае активности,,,
OFFSET_WHEN_INACTIVE,,Смещение в случае бездействия,,,
SMOOTH,,Сглаживание,,,
POINT,,Точка,,,
POINTS_COUNT,,Количество точек,,,
EASY_MODE,,Простой режим,,,
LOGIC_SWITCHES,,Логический переключатель,,,
ARE_YOU_SURE_YOU_WANT_TO_DELETE_THIS_LOGIC_SWITCH,,Вы уверены что хотите удалить этот логический переключатель?,,,
NO_LOGIC_SWITCH_YET_PRESS_ADD_TO_CREATE_ONE,,"Логический переключатель ещё не существует. Пожалуйста нажмите ""добавить"" чтобы создать его!",,,
START_CONDITION,,Условия запуска,,,
STOP_CONDITION,,Условия остановки,,,
TIMER_EDIT,,Редактор таймера,,,
PERSISTENT,,????? Context??????,,,
START_VALUE,,Стартовое значение,,,
AUDIO_ACTIONS,,Звуковые команды,,,
AUDIO_ACTION,,Звуковая команда,,,
ADD_A_NEW_AUDIO_ACTION,,Добавить новую звуковую команду,,,
ALARM_VALUE,,Порог срабатывания сигнализации,,,
HAPTIC,,Касание,,,
COUNT_SECONDS,,Счетчик секунд,,,
START,,Старт,,,
PLAY_FILE,,Проиграть файл,,,
SPACE_WITH_OTHERS,,Другие места,,,
CONFIRM_DELETE_CURVE,,Вы уверены что хотите удалить эту кривую?,,,
CURVE_USED_BY,,Эта кривая используется:,,,
AND_WITH_TWO_SPACES,,AND,,,
CURVES,,Кривые,,,
NO_CURVE_YET_PRESS_ADD_TO_CREATE_ONE,,"Кривая ещё не существует. Пожалуйста, нажмите ""добавить"" чтоба создать её!",,,
VARS,,Переменные,,,
NO_VAR_YET_PRESS_ADD_TO_CREATE_ONE,,"Переменная ещё не существует. Пожалуйста, нажмите ""добавить"" чтобы создать её!",,,
ARE_YOU_SURE_YOU_WANT_TO_DELETE_THIS_VAR,,Вы уверены что хотите удалить эту перменную?,,,
CONFIRM_RESET_MIXES,,Эта операция сбросит настройки всех микшеров. Вы уверены что хотите продолжить?,,,
ELEVATORS,,Рули высоты,,,
YAW,,Рысканье,,,
SWASH_PLATE,,Тарелка автомата перекоса,,,
EDIT_MODEL,,Редактировать модель,,,
PICTURE,,Картинка,,,
TAIL,,Хвост,,,
AILERONS,,Элероны,,,
PITCH,,Шаг,,,
THROTTLE,,Газ,,,
FLAPS,,Закрылки,,,
ENGINE,,Двигатель,,,
BRAKE,,Тормоз,,,
RUDDERS,,Рули,,,
ROLL,,Крен,,,
FUNCTION_SWITCHES,,Функциональный переключатель,,,
RESET_ALL_MIXES,,Сброс всех микшеров,,,
CREATE_CALCULATED_SENSOR,,Создать вычисляемый датчик,,,
CONFIRM_DELETE_SENSORS,,Все датчики будут удалены. Вы уверены что хотите продолжить?,,,
ON,,ВКЛ,,,
OFF,,ВЫКЛ,,,
DISCOVER_NEW_SENSORS,,Найти новые датчики,,,
STOP_DISCOVER,,Остановить поиск,,,
DELETE_ALL,,Удалить всё,,,
INDIVIDUAL_RSSI_ALERT_PER_BAND,,Отдельные звуковые оповещения для каждого радиоканала,,,
CREATE_DIY_SENSOR,,Создать собственный датчик,,,
CONFIRM_LOAD_ALL_SWITCH_POSITIONS,,Эта операция заменит все положения переключателя на текущие. Вы уверены что хотите продолжить?,,,
CHECK_FUNCTION,,Проверка функциональности,,,
LOAD_ALL_SWITCH_POSITIONS,,Загрузите все положения переключателя,,,
CONFIRM_LOAD_ALL_POT_POSITIONS,,Эта операция заменит все позиции аналогового регулятора на текущие. Вы уверены что хотите продолжить?,,,
LOAD_ALL_POT_POSITIONS,,Load all pot positions,,,
CALIBRATION_FINISH,,Calibration finished!,,,
SXR_CALIBRATION,,SxR calibration,,,
CLICK_WHEN_DONE,,Click when done,,,
CALIBRATING,,Calibrating ...,,,
SXR_CALIBRATION_DESCRIPTION,,Calibration of SxR gyros and accelerometers,,,
SLAVE_CH,,Slave CH,,,
PERCENT,,Percent,,,
DESTINATION,,Destination,,,
ENABLE,,Enable,,,
NO_FUNCTION_YET_PRESS_ADD_TO_CREATE_ONE,,No function yet. Please press the add button to create one!,,,
NO_TRAINER_YET_PRESS_ADD_TO_CREATE_ONE,,No trainer yet. Please press the add button to create one!,,,
SPECIAL_FUNCTIONS,,Special functions,,,
NEW_FUNCTION,,New function,,,
SF,,SF,,,
DISABLE,,Disable,,,
ARE_YOU_SURE_YOU_WANT_TO_DELETE_THIS_SPECIAL_FUNCTION,,Are you sure you want to delete this special function?,,,
REGISTRATION_OK,,Registration OK,,,
UID,,UID,,,
REGISTRATION_ID,,Registration ID,,,
RX_NAME,,RX name,,,
RECEIVER_CONNECTED,,Receiver connected,,,
REGISTRATION,,Registration,,,
TRIMS,,Trims,,,
FADE_IN,,Fade in,,,
FADE_OUT,,Fade out,,,
AUTO_DETECT,,Auto detect,,,
DISPLAY_DECIMALS_AND_UNIT,,Display decimals / unit,,,
SELECT_SENSOR,,Select sensor,,,
DIY_SENSOR,,DIY sensor,,,
WAITING,,Waiting,,,
BAND,,Band,,,
RATIO,,Ratio,,,
MODULE,,Module,,,
PROTOCOL_DECIMALS_AND_UNIT,,Protocol decimals / unit,,,
CROSS_TRIM,,Cross trim,,,
MOVE_TRIM_TO_SUBTRIM,,Move trim to subtrim,,,
INSTANT_TRIM,,Instant trim,,,
MOVE_TRIMS_TO_SUBTRIMS,,Move trims to subtrims,,,
INDEPENDENT_PER_FLIGHT_MODE,,Independent per FM,,,
STICK,,Stick,,,
CONFIGURE_SCREENS,,Configure screens,,,
TOP_SCREEN,,Top screen,,,
CHANGE_LAYOUT,,Change layout,,,
FULL_SCREEN,,Full screen,,,
WIDGET,,Widget,,,
SET_MAIN_SCREEN,,Set main screen,,,
CONFIGURE_WIDGET,,Configure widget,,,
NEW_SCREEN,,New screen,,,
SCREEN,,Screen,,,
CHANGE_WIDGET,,Change widget,,,
MOVE_FORWARD,,в†ђ Move forward,,,
MOVE_BACKWARD,,в†’ Move backward,,,
RESET_FLIGHT,,Reset flight,,,
RESET_TIMERS,,Reset timers,,,
RESET_TELEMETRY,,Reset telemetry,,,
HOME,,Home,,,
ADD_AFTER,,Add after,,,
ADD_MIX_FAILED,,Add mix failed!,,,
MAX_MIXES_REACHED,,The maximum number of mixes has been reached!,,,
FIRST_POSITION,,First position,,,
MIXES_LIBRARY,,Mixes library,,,
LOCAL_ADDRESS,,Local address,,,
WAITING_FOR_DEVICES,,Waiting for devices ...,,,
LOCAL_NAME,,Local name,,,
SEARCH_DEVICES,,Search ...,,,
BLUETOOTH_DEVICE_CONNECTED,,Bluetooth device connected,,,
NOT_CONNECTED,,Not connected,,,
CONFIRM_ALLOW_CONNECTION,,Allow connection?,,,
BLUETOOTH_FIRMWARE_NEEDS_UPDATE,,Bluetooth firmware needs to be updated!,,,
BLUETOOTH_MAINTENANCE,,Bluetooth maintenance,,,
DEVICE,,Device,,,
NO_BLUETOOTH_DEVICE_FOUND,,No Bluetooth device found!,,,
SPEAKER_MUTE,,Speaker mute,,,
DISCONNECT,,Disconnect,,,
WAITING_FOR_DEVICE,,Waiting for device,,,
DIST_ADDRESS,,Distant address,,,
CONNECTING,,Connecting,,,
ROTARY_ENCODER_HALF_STEPS,,Rotary encoder half steps,,,
BLUETOOTH_AUDIO,,Bluetooth Audio,,,
NOT_INSTALLED,,Not installed (default),,,
INSTALLED_AS_AN_OPTION,,Installed as an option,,,
HIGH_SPEED,,High speed,,,
NORMAL_SPEED,,Normal speed,,,
MODEL,,Model,,,
STEERING,,Steering,,,
DUTY_RATIO,,Duty ratio,,,
CYCLE_DURATION,,Cycle duration,,,
RETURN_POSITION,,Return position,,,
STEERING_BRAKE,,Steering brake,,,
CHECKLIST,,Checklist,,,
FILE_MANAGER,,File manager,,,
SOUND,,Sound & Vibr.,,,
STICKS,,Sticks,,,
DATE_TIME,,Date & Time,,,
HARDWARE,,Hardware,,,
INFO,,Info,,,
SERIAL_NUMBER,,Serial number,,,
RESET_FACTORY_SETTINGS,,Reset factory settings,,,
CONFIRM_RESET_FACTORY_SETTINGS,,Reset factory settings?,,,
SYSTEM,,System,,,
DISPLAY,,Display,,,
KEYBOARD,,Keyboard,,,
ENABLE_SLIDER,,Enable slider,,,
DISABLE_SLIDER,,Disable slider,,,
ALERTS,,Alerts,,,
SPECTRUM_ANALYSER,,Spectrum,,,
BATTERY,,Battery,,,
CHECKLIST_WARNING,,Checklist warning,,,
RADIO_IS_IN_SILENT_MODE,,Radio is in silent mode,,,
RADIO_BATTERY_IS_LOW,,Radio battery is low,,,
THROTTLE_IS_NOT_IDLE,,Throttle is not idle,,,
ARE_NOT_IN_SAFE_POSITION,, are not in safe position,,,
IS_NOT_IN_SAFE_POSITION,, is not in safe position,,,
FUNCTION_SWITCHES_ARE_NOT_IN_SAFE_POSITION,,Function switches are not in safe position,,,
FAILSAFE_IS_NOT_SET,,Failsafe is not set,,,
RTC_BATTERY_IS_LOW,,RTC battery is low,,,
ALWAYS_ON,,Always on,,,
ALWAYS_OFF,,Always OFF,,,
YES,,Yes,,,
DIGITAL_RSSI,,Digital RSSI,,,
GYRO,,Gyro,,,
GYRO_SWITCHES,,Gyro switches,,,
LANGUAGE,,Language,,,
THEME,,Theme,,,
LIGHT,,Light,,,
DARK,,Dark,,,
SWITCHES,,Switches,,,
TOP_TOOLBAR,,Top toolbar,,,
NO,,No,,,
BRIGHTNESS,,Brightness,,,
KEYS,,Keys,,,
WAKE_UP,,Wake up,,,
DIGITAL_VOLTAGE,,Digital voltage,,,
SLEEP,,Sleep,,,
SYSTEM_ALERTS,,System alerts,,,
INACTIVITY,,Inactivity,,,
AUTO_ADJUST_FROM_GPS,,Auto adjust from GPS,,,
DATE,,Date,,,
ADJUST_RTC_SPEED,,Adjust RTC speed,,,
SHOW_SECONDS,,Display seconds,,,
IS24HOUR,,24-hour time,,,
TIME_ZONE,,Time zone,,,
YEAR,,Year,,,
MONTH,,Month,,,
TIME,,Time,,,
NEXT,,Next,,,
GYRO_CALIBRATION,,Gyro calibration,,,
PREV,,Prev,,,
MDL_LONG,,MDL long,,,
HARDWARE_CHECK,,Hardware check,,,
SWITCHES_SETTINGS,,Switches settings,,,
ADC_INSPECTOR,,ADC inspector,,,
SYS_LONG,,SYS long,,,
HOME_KEYMAP,,Home keymap,,,
POTS_SLIDERS_SETTINGS,,Pots/Sliders settings,,,
SWITCH_MIDDLE_DETECT_DELAY,,Switch middle detect delay,,,
DISP_SHORT,,{DISP_LABEL} short,,,
DISP_LONG,,{DISP_LABEL} long,,,
SWITCH,,Switch,,,
THROTTLE_DEAD_BAND,,Throttle dead band,,,
ANALOGS_FILTER,,Analogs filter,,,
ANALOGS_CALIBRATION,,Analogs calibration,,,
CONFIRM_CONTINUE,,Are you sure you want to continue?,,,
THR_NOT_LOW_WARNING,,Throttle is not in low position!,,,
CHANNELS_ORDER,,Channel order,,,
STICKS_MODE,,Sticks mode,,,
STICKS_MODE_1,,Sticks mode 1,,,
STICKS_MODE_2,,Sticks mode 2,,,
STICKS_MODE_3,,Sticks mode 3,,,
STICKS_MODE_4,,Sticks mode 4,,,
FIRST_FOUR_CHANNELS_FIXED,,First four channels fixed,,,
NO_SD_CARD,,No SD Card,,,
FLASH_BOOTLOADER,,Flash bootloader,,,
FLASH_INTERNAL_MODULE,,Flash internal RF module,,,
PLAY,,Play,,,
CURRENT_VERSION,,Current version,,,
FLASH_RECEIVER_BY_INTERNAL_MODULE_OTA,,Flash RX by int. OTA,,,
FLASH_RECEIVER_BY_EXTERNAL_MODULE_OTA,,Flash RX by ext. OTA,,,
OTA_UPDATE,,OTA update,,,
FLASH_EXTERNAL_DEVICE,,Flash external device,,,
OPEN,,Open,,,
FLASH_EXTERNAL_MODULE,,Flash external module,,,
FLASH_EXTERNAL_MULTIMODULE,,Flash external multimodule,,,
MOVE_HERE,,Move here,,,
OTA_UPDATE_ERROR,,OTA update error,,,
UNSUPPORTED_RX,,Unsupported RX,,,
MAIN_VOLTAGE,,Main voltage,,,
DISPLAY_VOLTAGE_RANGE,,Display voltage range,,,
LOW_VOLTAGE,,Low voltage,,,
RTC_VOLTAGE,,RTC voltage,,,
UNKNOWN,,Unknown,,,
FIRMWARE,,Firmware,,,
VIDEO_HARDWARE_VERSION,,Video hardware version,,,
RECEIVER,,Receiver,,,
NON_STABILIZED_RECEIVER,,Non stabilized receiver,,,
VARIO,,Vario,,,
MAIN_VOLUME,,Main volume,,,
AUDIO_VOLUME,,Volume,,,
PITCH_AT_ZERO,,Pitch zero,,,
SEQUENCE,,Sequence,,,
PITCH_AT_MAX,,Pitch max,,,
REPEAT_AT_ZERO,,Repeat,,,
SILENT,,Silent,,,
ALARMS_ONLY,,Alarms only,,,
OFTEN,,Often,,,
ALWAYS,,Always,,,
NEVER,,Never,,,
WHEN_TELEMETRY_STREAMING,,When telemetry streaming,,,
VOICE1,,Sound pack 1 (main),,,
VOICE2,,Sound pack 2,,,
VOICE3,,Sound pack 3,,,
SUNDAY,,Sunday,,,
MONDAY,,Monday,,,
TUESDAY,,Tuesday,,,
WEDNESDAY,,Wednesday,,,
THURSDAY,,Thursday,,,
FRIDAY,,Friday,,,
SATURDAY,,Saturday,,,
JANUARY,,January,,,
FEBRUARY,,February,,,
MARCH,,March,,,
APRIL,,April,,,
MAY,,May,,,
JUNE,,June,,,
JULY,,July,,,
AUGUST,,August,,,
SEPTEMBER,,September,,,
OCTOBER,,October,,,
NOVEMBER,,November,,,
DECEMBER,,December,,,
CURRENT,,Current,,,
VFAS,,VFAS,,,
TEMPERATURE_2,,Temp2,,,
TEMPERATURE_1,,Temp1,,,
FUEL,,Fuel,,,
ACCX,,AccX,,,
ACCY,,AccY,,,
ACCZ,,AccZ,,,
GPS_ALT,,GPS alt,,,
GPS_SPEED,,GPS speed,,,
GPS_COURSE,,GPS course,,,
AIR_SPEED,,Air speed,,,
BATTERY_1_VOLTAGE,,Bat1 voltage,,,
BATTERY_1_CURRENT,,Bat1 current,,,
BATTERY_2_VOLTAGE,,Bat2 voltage,,,
BATTERY_2_CURRENT,,Bat2 current,,,
RBOX_STATE_1,,RBOX S1,,,
RBOX_STATE_2,,RBOX S2,,,
BATTERY_1_CONSUMPTION,,Bat1 cons.,,,
BATTERY_2_CONSUMPTION,,Bat2 cons.,,,
BATTERY_1_TEMPERATURE,,Bat1 temp.,,,
BATTERY_2_TEMPERATURE,,Bat2 temp.,,,
SD1_CHANNEL,,SD1CH,,,
ESC_VOLTAGE,,ESC voltage,,,
ESC_CURRENT,,ESC current,,,
ESC_RPM,,ESC RPM,,,
ESC_CONSUMPTION,,ESC consumption,,,
ESC_TEMPERATURE,,ESC temp,,,
RB_OUTPUT_STATE,,Output state,,,
RB_CH1_A,,CH1 current,,,
RB_CH2_A,,CH2 current,,,
RB_CH3_A,,CH3 current,,,
RB_CH4_A,,CH4 current,,,
RB_CH5_A,,CH5 current,,,
RB_CH6_A,,CH6 current,,,
RB_CH7_A,,CH7 current,,,
RB_CH8_A,,CH8 current,,,
RB_CH9_A,,CH9 current,,,
RB_OUTPUT_1_VOLTAGE,,Output1 voltage,,,
RB_OUTPUT_2_VOLTAGE,,Output2 voltage,,,
GASSUIT_TEMP1,,GASS temp1,,,
GASSUIT_TEMP2,,GASS temp2,,,
GASSUIT_SPEED,,GASS RPM,,,
GASSUIT_RES_VOL,,GASS res. vol.,,,
GASSUIT_RES_PERC,,GASS res. %,,,
GASSUIT_FLOW,,GASS flow,,,
GASSUIT_MAX_FLOW,,GASS max flow,,,
GASSUIT_AVG_FLOW,,GASS avg flow,,,
BEC_VOLTAGE,,BEC voltage,,,
BEC_CURRENT,,BEC current,,,
POWER_900M,,Power 900M,,,
ROLL_ANGLE,,R.angle,,,
PITCH_ANGLE,,P.angle,,,
HYDRAULIC_PRESSURE,,H.pressure,,,
INTERNAL_GPS,,Internal GPS,,,
RAM_AVAILABLE,,RAM available,,,
CLOCK,,Clock,,,
LATITUDE,,Latitude,,,
LONGITUDE,,Longitude,,,
TRIP,,Trip,,,
CATEGORY,,Category,,,
MEMBER,,Member,,,
IGNORE_TRAINER_INPUT,,Ignore trainer input,,,
FULL_RANGE,,Full range,,,
IGNORE_RANGE,,Ignore range,,,
HALF_RANGE,,Half range,,,
NEGATIVE,,Negative,,,
EDGE,,Edge,,,
ELE_TO_AIL,,Ele в†’ Ail,,,
AIL_TO_RUD,,Ail в†’ Rud,,,
ELE_TO_CAMBER,,Ele в†’ Camber,,,
RUD_TO_AIL,,Rud в†’ Ail,,,
RUD_TO_ELE,,Rud в†’ Ele,,,
AIL_TO_FLAPS,,Ail в†’ Flaps,,,
FLAPS_TO_ELE,,Flaps в†’ Ele,,,
FREE_MIX,,Free mix,,,
SNAP_ROLL,,Snap roll,,,
TEST_MIX,,Test mix,,,
PLANE,,Airplane,,,
GLIDER,,Glider,,,
HELI,,Heli,,,
MULTI,,Multi,,,
CAR,,Car,,,
BOAT,,Boat,,,
OTHER,,Other,,,
CALIBRATION,,Calibration,,,
INPUTS,,Inputs,,,
UPDATE,,Update,,,
SDCARD,,SD card,,,
SDCARD_ERROR,,SD card error,,,
INVALID_DATA,,Invalid data,,,
FILE_BAD_FORMAT,,Unknown file,,,
NO_FILES_ON_SD,,No files on SD!,,,
READ_ERROR,,Read error,,,
WRITE_ERROR,,Write error,,,
WRONG_HEADER,,Wrong header,,,
WRONG_FORMAT,,Wrong format,,,
WRONG_CRC,,Wrong CRC,,,
WRONG_FILE_SIZE,,Wrong file size,,,
WRONG_FILE,,Wrong file,,,
ERROR,,Error,,,
RUDDER,,Rudder,,,
ELEVATOR,,Elevator,,,
DELETE,,Delete,,,
MODEL_BITMAP,,Model bitmap,,,
TAIL_TYPE,,Tail type,,,
TRADITIONAL,,Traditional,,,
VTAIL,,V-Tail,,,
REVERSE,,Reverse,,,
RATE,,Rate,,,
UP,,Up,,,
DOWN,,Down,,,
LEFT_SHORT,,L,,,
RIGHT_SHORT,,R,,,
RIGHT,,right,,,
LEFT,,left,,,
TOP,,Top,,,
BOTTOM,,Bottom,,,
TIMER_UP,,Up,,,
TIMER_DOWN,,Down,,,
LIMIT,,Limit,,,
SPEED,,Speed,,,
SET_DATE,,Set date,,,
SET_TIME,,Set time,,,
SILENT_MODE,,Silent mode,,,
KEY,,Key,,,
ALARM,,Alarm,,,
TRIM,,Trim,,,
SETUP_CHANNEL,,Setup channel,,,
LOGIC_SWITCH,,Logic switch,,,
CREATE_MODEL,,Create model,,,
CANCEL,,Cancel,,,
DELAY,,Delay,,,
SAVE,,SAVE,,,
LS,,LS,,,
FS,,FS,,,
OP,,OP,,,
MASTER,,Master,,,
SLAVE,,Slave,,,
RECEIVER_TYPE,,Receiver type,,,
BACK,,Back,,,
INTERNAL,,Internal,,,
EXTERNAL,,External,,,
RF_PROTOCOL,,RF protocol,,,
EXTERNAL_RF,,External RF,,,
LOGIC_SWITCH_RANGE,,Range,,,
PLAY_SEQUENCE,,Play audio,,,
WAIT_DURATION,,Wait duration,,,
WAIT_CONDITION,,Wait condition,,,
CONFIRM_DELETE_LINE,,Are you sure you want to delete this line?,,,
ADD_A_NEW_LINE_IN_SEQUENCE,,Add a new line in sequence,,,
PLAY_TEXT,,Play text (TTS),,,
GO_TO_SCREEN,,Go to screen,,,
LOCK_TOUCHSCREEN,,Lock touchscreen,,,
BLANK,,Blank,,,
CALIBRATE,,Calibrate,,,
CLICK_CALIBRATE_TO_START,,Click 'Calibrate' to start,,,
CENTER_STICKS_POTS_SLIDERS_AND_CLICK_NEXT,,"Center the sticks/pots/sliders, click 'Next' when done",,,
MOVE_STICKS_POTS_SLIDERS_AND_CLICK_NEXT,,"Move the sticks/pots/sliders to full range, click 'Next' when done",,,
CALIBRATION_COMPLETE_CLICK_CONFIRM_TO_STORE,,"Calibration complete, click 'Confirm' to store it to the radio settings",,,
BACKLIGHT,,BackLight,,,
HIGHLIGHT_COLOR,,Highlight color,,,
MODEL_NAME,,Name,,,
NO_AIRBRAKES,,No airbrakes,,,
OK,,OK,,,
FLAP,,Flap,,,
AIRBRAKE,,Airbrake,,,
FILE,,File,,,
FLASH_SPORT,,Flash S.Port,,,
PLAY_VALUE,,Play value,,,
ANALOGS,,Analogs,,,
SWITCHES_POSITIONS,,Switch positions,,,
TRIMS_POSITIONS,,Trim positions,,,
CONST_VALUE,,Const value,,,
SLIDER_LEFT,,Slider left,,,
SLIDER_RIGHT,,Slider right,,,
TRIM_T1_LEFT,,T1 Left,,,
TRIM_T1_RIGHT,,T1 Right,,,
TRIM_T2_UP,,T2 Up,,,
TRIM_T2_DOWN,,T2 Down,,,
TRIM_T3_UP,,T3 Up,,,
TRIM_T3_DOWN,,T3 Down,,,
TRIM_T4_LEFT,,T4 Left,,,
TRIM_T4_RIGHT,,T4 Right,,,
TRIM_T5_LEFT,,T5 Left,,,
TRIM_T5_RIGHT,,T5 Right,,,
TRIM_T5_DOWN,,T5 Down,,,
TRIM_T5_UP,,T5 Up,,,
TRIM_T6_LEFT,,T6 Left,,,
TRIM_T6_RIGHT,,T6 Right,,,
TRIM_T6_DOWN,,T6 Down,,,
TRIM_T6_UP,,T6 Up,,,
DIFFERENTIAL,,Differential,,,
SLOW,,Slow,,,
MULTIPLY,,Multiply,,,
WEIGHT_UP,,Weight up,,,
WEIGHT_DOWN,,Weight down,,,
OUTPUT,,Output,,,
CLOSE,,Close,,,
FLASHING,,Flashing ...,,,
RESET_DEVICE,,Device reset ...,,,
LOW_BATTERY,,Radio battery low!,,,
VOLTAGE_CALIBRATION,,Voltage calibration,,,
STARTING_MODEL_WIZARD,,Starting model wizard ...,,,
RADIO_DATA_LOAD,,Radio data load,,,
DEFAULT_SYSTEM_SETTINGS_RESTORED,,"Storage error, default system settings restored.",,"Storage error, default settings restored.",
FLIGHT_MODE_SHORT,,FM,,,
DRIVE_MODE_SHORT,,DM,,,
PREFLIGHT_WARNING,,Preflight warnings,,,
NEW_MODEL,,New model,,,
STARTING_CALIBRATION,,Starting calibration ...,,,
NO_SD_CARD_WARNING,,No SD Card warning,,,
ADD_CURVE_ERROR,,Add curve failed!,,,
STEP,,Step,,,
AILERON,,Aileron,,,
ELEVON,,Elevon,,,
SPACE_WITH_CHANNEL,, channel,,,
QUESTION_SWAP_SSS_AND_SSS_CHANNELS_SETTINGS,,Do you want to swap %s and %s channels settings?,,,
INPUT,,Input,,,
THR_CURVE,,Thr curve,,,
PITCH_CURVE,,Pitch curve,,,
THROTTLE_CUT,,Throttle cut,,,
DELAY_UP,,Delay up,,,
DELAY_MID,,Delay mid,,,
DELAY_DOWN,,Delay down,,,
NO_DELAY,,No delay,,,
V_TAIL,,V-Tail,,,
DATA_REFUSED,,Data refused,,,
DEVICE_NOT_RESPONDING,,Device not responding,,,
NO_OUTPUT,,No output,,,
WEIGHT_RATES,,Weight / Rates,,,
OTHERWISE,,Otherwise,,,
AUTO,,Auto,,,
TRIM_STEP_FINE,,Fine,,,
TRIM_STEP_COARSE,,Coarse,,,
TRIM_STEP_EXPONENTIAL,,Exponential,,,
TRIM_STEP_EXTRA_FINE,,Extra fine,,,
TRIM_STEP_MEDIUM,,Medium,,,
TRIM_STEP_CUSTOM,,Custom,,,
SCREENSHOT,,Screenshot,,,
POSITIVE,,Positive,,,
THROTTLE_HOLD,,Throttle hold,,,
TRIGGER_VALUE,,Trigger value,,,
IDLE_OUTPUT_VALUE,,Idle output value,,,
LOW_POSITION_TRIM,,Low position trim,,,
AND,,AND,,,
OR,,OR,,,
XOR,,XOR,,,
SENSORS,,Sensors,,,
SETTINGS,,Settings,,,
COPY_SETTINGS,,Copy settings,,,
PASTE_SETTINGS,,Paste settings,,,
RECEIVERS,,Receivers,,,
SERVOS,,Servos,,,
FLIGHT_SAFETY,,Flight safety,,,
VARIOMETER,,Variometer,,,
ALARMS,,Alarms,,,
SENSOR,,Sensor,,,
RX_BATT,,RxBatt,,,
RX_CURRENT,,RxCurrent,,,
ALTITUDE,,Altitude,,,
VSPEED,,VSpeed,,,
SELECT_LANGUAGE,,Select language,,,
ONCE,,Once,,,
FLIGHT_DATA,,Flight data,,,
ALL_TIMERS,,All timers,,,
WHOLE_TELEMETRY,,Whole telemetry,,,
REPEAT,,Repeat,,,
WAV_FILE,,Wav file,,,
BUTTERFLY,,Butterfly,,,
CAMBER,,Camber,,,
PITCH_TO_RUD,,Pitch в†’ Rud,,,
MISSING_BASIC_MIX,,Missing basic mix,,,
MISSING_ENOUGH_CHANNEL,,There are not enough channels available,,,
NOT_SUITABLE_FOR_THIS_MODEL,,This mix isn't suitable for your model,,,
THR_TO_ELE,,Thr в†’ Ele,,,
THR_TO_RUD,,Thr в†’ Rud,,,
TEMPERATURE,,Temperature,,,
DATA_RATE,,Data Rate,,,
GPS,,GPS,,,
GAS_SUITE,,Gas Suite,,,
FLOW_RESET,,Flow reset,,,
CDI_OFF_SPEED_LIMIT,,CDI off speed limit,,,
FLOW_PULSE,,Flow pulse,,,
AUTO_RESET,,Auto reset,,,
RESET_RESIDUAL_VOLUME,,Reset residual volume,,,
RESET_MAX_FLOW,,Reset max flow,,,
RESET_AVERAGE_FLOW,,Reset average flow,,,
VOLUME_ALARM,,Volume alarm,,,
MAX_FLOW_ALARM,,Max flow alarm,,,
OVER_SPEED_ALARM,,Over speed alarm,,,
FLOW_TRIGGER,,Flow trigger,,,
FACTORY_SETTING,,Factory setting,,,
OVER_TEMP1_ALARM,,Over temperature alarm 1,,,
OVER_TEMP2_ALARM,,Over temperature alarm 2,,,
TEMPERATURE_UNIT,,Temperature unit,,,
AUTO_SAVE,,Auto save,,,
GPS_POSITION_DATA_RATE,,GPS position data rate,,,
GPS_ALTITUDE_DATA_RATE,,GPS altitude data rate,,,
GPS_SPEED_DATA_RATE,,GPS speed data rate,,,
GPS_COURSE_DATA_RATE,,GPS course data rate,,,
GPS_TIME_DATA_RATE,,GPS clock data rate,,,
EW,,EW,,,
NS,,NS,,,
DEFAULT_FLIGHT_MODE,,Default flight mode,,,
DEFAULT_DRIVE_MODE,,Default drive mode,,,
SKIP_ON_STARTUP,,Skip on startup,,,
LOW_VALUE_WARNING,,Low value warning,,,
CRITICAL_VALUE,,Critical value,,,
UPGRADE_MODULE,,Upgrade module,,,
AUTHENTICATION_FAILURE,,Authentication failure,,,
MODULE_NEEDS_UPGRADE,,Module needs upgrade,,,
CLEAR,,Clear,,,
MIX_SWITCH_DESCRIPTION,,Select a switch to change the active/inactive state of the mix,,,
MIX_WEIGHT_DESCRIPTION,,The multiplier in % applied to an incoming source to determine the output value of the mix. This will be calculated after the curve,,,
MIX_CURVE_DESCRIPTION,,Choose a curve for the mix. This will be calculated before the param weight,,,
MIX_DIFFERENTIAL_DESCRIPTION,,Select the amount of differential movement for channels,,,
MIX_OUTPUT_DESCRIPTION,,Select the channel you want to be affected by this mix,,,
MIX_INPUT_DESCRIPTION,,Select the control source of this mix,,,
MIX_OPERATION_DESCRIPTION,,"Select function type for mix: Add, Multiply or Replace",,,
MIX_REVERSE_DESCRIPTION,,Reverse direction of control,,,
MIX_OFFSET_DESCRIPTION,,Select the amount of offset from center,,,
MIX_WEIGHTUP_DESCRIPTION,,Select the amount of movement up,,,
MIX_WEIGHTDOWN_DESCRIPTION,,Select the amount of movement down,,,
MIX_SPEEDUP_DESCRIPTION,,Select the amount speed up,,,
MIX_SPEEDDOWN_DESCRIPTION,,Select the amount speed down,,,
MIX_LOWPOSTRIM_DESCRIPTION,,Enable low position trim only,,,
HELI_PITCH,,Pitch,,,
HELI_GYRO,,Gyro,,,
MISSING_THROTTLE,,Your model doesn't have any throttles,,,
SIX_POSITIONS_SWITCH,,6-POS switch,,,
GYRO_X_AXIS,,Gyro X axis,,,
GYRO_Y_AXIS,,Gyro Y axis,,,
GYRO_LEFT,,Gyro Left,,,
GYRO_RIGHT,,Gyro Right,,,
GYRO_UP,,Gyro Up,,,
GYRO_DOWN,,Gyro Down,,,
AILERON_LETTER,,A,,,
RUDDER_LETTER,,R,,,
ELEVATOR_LETTER,,E,,,
THROTTLE_LETTER,,T,,,
NOT,,NOT,,,
STICKY,,Sticky,,,
MIDDLE,,Middle,,,
NO_CHECK,,No check,,,
CUSTOM,,Custom,,,
HOLD,,Hold,,,
NO_PULSES,,No pulses,,,
NOT_SET,,Not set,,,
NO_ENGINE,,No engine,,,
NO_FLAPS,,No flaps,,,
NO_RUDDERS,,No rudders,,,
NO_ELEVATORS,,No elevators,,,
NO_AILERONS,,No ailerons,,,
CHANNELS_1,,1 channel,,,
CHANNELS_2,,2 channels,,,
CHANNELS_3,,3 channels,,,
CHANNELS_4,,4 channels,,,
BEEP,,Beep,,,
IN_RANGE,,in range,,,
REPLACE,,Replace,,,
USE_A_SOURCE,,Use a source,,,
CONVERT_TO_VALUE,,Convert to value,,,
SPECIAL,,Special,,,
MAXIMUM,,Maximum,,,
MINIMUM,,Minimum,,,
MOMENTARY,,Momentary,,,
TWO_POS,,2-POS,,,
THREE_POS,,3-POS,,,
GYRO_CALIBRATION_PLACE_LEVEL,,"Place radio LEVEL, and click the button below when done",,,
GYRO_CALIBRATION_LEFT,,"Tilt radio to LEFT, and click the button below when done",,,
GYRO_CALIBRATION_RIGHT,,"Tilt radio to RIGHT, and click the button below when done",,,
GYRO_CALIBRATION_NOSE_UP,,"Tilt radio NOSE UP, and click the button below when done",,,
GYRO_CALIBRATION_NOSE_DOWN,,"Tilt radio NOSE DOWN, and click the button below when done",,,
DEFAULT,,Default,,,
STRENGTH,,Strength,,,
AM,,AM,,,
PM,,PM,,,
PLAY_VARIO,,Play vario,,,
RF_ALWAYS_OFF,,"Special mode, RF will always be OFF.",,,
STAB_FUNC,,Stable function,,,
RX_PROTOCOL,,RX protocol,,,
NO_MAP,,No map,,,
DIRECTION,,Direction,,,
CLOCKWISE,,Clockwise,,,
ANTICLOCKWISE,,Anticlockwise,,,
PWM_PULSE_TYPE,,PWM pulse type,,,
BASIC_CONFIG,,Base config,,,
RX1_MAP,,RX1 map,,,
RX2_MAP,,RX2 map,,,
RX3_MAP,,RX3 map,,,
ALL_FREQUENCY,,All frequency,,,
STICKS_NAME,,Sticks name,,,
CHANNELS_COUNT,,Channels count,,,
OUTPUTS_COUNT,,Outputs count,,,
EXT,,Ext,,,
INT,,Int,,,
PLACE_RECEIVER_LEVEL,,"Place your receiver horizontal,\ntop side up.",,,
PLACE_RECEIVER_LEVEL_REVERSE,,"Place your receiver horizontal,\ntop side down.",,,
PLACE_RECEIVER_LEFT,,"Place your receiver vertical,\npins up.",,,
PLACE_RECEIVER_RIGHT,,"Place your receiver vertical,\npins down.",,,
PLACE_RECEIVER_FORWARD,,"Place your receiver legible\nlettering, pins right.",,,
PLACE_RECEIVER_BACKWARD,,"Place your receiver not legible\nlettering, pins left.",,,
ADD_A_NEW_WEIGHT,,+ Add a new weight,,,
ADD_A_NEW_CONDITION,,+ Add a new condition,,,
ADD_A_NEW_CURVE,,+ Add a new curve,,,
AUDIO,,Audio,,,
VOICE,,Voice,,,
PRIORITY,,Priority,,,
VAR,,Var,,,
VOLUME,,Volume,,,
SAVE_TO_FLASH,,Save to flash,,,
SAVE_TO_FLASH_MESSAGE,,All settings have been saved into the flash successfully!,,,
TIMER_GENERATOR,,Timer generator,,,
EDIT_SSS,,Edit %s,,,
RESET_SSS,,Reset %s,,,
OPTIONS_3DOTS,,Options ...,,,
QUESTION_COPY_CHANNEL_NAME,,The channel doesn't have a name.\nDo you want to copy the mix's name to the channel?,,,
FLY_BAR_LESS,,Flybarless,,,
WING_RUD_ELE_AIL,,Wing Rud+Ele+Ail,,,
WING_FLYING,,Wing Delta Ail,,,
WING_VTAIL_AIL,,Wing VTail Ail,,,
LEVEL,,Level,,,
LEVEL_REVERSED,,Level reversed,,,
UPRIGHT,,Upright,,,
UPRIGHT_REVERSED,,Upright reversed,,,
WING_TYPE,,Wing type,,,
MOUNTING_TYPE,,Mounting type,,,
SXR_ENABLE,,SXR enable,,,
AIL_INVERTED,,Ail inverted,,,
AIL2_INVERTED,,Ail2 inverted,,,
ELE_INVERTED,,Ele inverted,,,
ELE2_INVERTED,,Ele2 inverted,,,
RUD_INVERTED,,Rud inverted,,,
AUX1_ENABLE,,AUX1 enable,,,
AUX2_ENABLE,,AUX2 enable,,,
QUICK_MODE,,Quick mode,,,
SELF_CHECK,,Self check,,,
STAB_GAIN_OF_AIL,,Stabilize gain of Ail,,,
STAB_GAIN_OF_ELE,,Stabilize gain of Ele,,,
STAB_GAIN_OF_RUD,,Stabilize gain of Rud,,,
AUTO_LEVEL_GAIN_OF_AIL,,Auto Level gain of Ail,,,
AUTO_LEVEL_GAIN_OF_ELE,,Auto Level gain of Ele,,,
HOVER_GAIN_OF_ELE,,Hover gain of Ele,,,
HOVER_GAIN_OF_RUD,,Hover gain of Rud,,,
KNIFE_EDGE_GAIN_OF_AIL,,Knife-edge gain of Ail,,,
KNIFE_EDGE_GAIN_OF_RUD,,Knife-edge gain of Rud,,,
AUTO_LEVEL_OFFSET_OF_AIL,,Auto level offset angle of Ail,,,
AUTO_LEVEL_OFFSET_OF_ELE,,Auto level offset angle of Ele,,,
HOVER_OFFSET_ANGLE_OF_ELE,,Hover offset angle of Ele,,,
HOVER_OFFSET_ANGLE_OF_RUD,,Hover offset angle of Rud,,,
KNIFE_EDGE_OFFSET_OF_AIL,,Knife-edge offset angle of Ail,,,
KNIFE_EDGE_OFFSET_OF_RUD,,Knife-edge offset angle of Rud,,,
OUTPUT_VOLTAGE,,Output voltage,,,
LIPO_VOLTAGE,,Lipo voltage,,,
RB_10_20,,RB 10/20,,,
ALTITUDE_DATA_RATE,,Altitude data rate,,,
VARIO_DATA_RATE,,Vario data rate,,,
CURRENT_DATA_RATE,,Current data rate,,,
VOLTAGE_DATA_RATE,,Voltage data rate,,,
RPM,,RPM,,,
POLES_COUNT,,Poles count,,,
NEED_FIRMWARE_UPDATE,,Need firmware update,,,
SYSTEM_VALUE,,System value,,,
GPS_CLOCK,,GPS clock,,,
RACING_MODE_ACTIVE,,Racing mode active.,,,
RACING_MODE_IS_UNSUPPORTED,,Racing mode is unsupported.,,,
POTS_SLIDERS,,Pots / Sliders,,,
STICKS_POTS_SLIDERS,,Sticks / Pots / Sliders,,,
WRITE_INTERVAL,,Write interval,,,
TX_BATT,,TxBatt,,,
AVERAGE,,Average,,,
TOTALIZE,,Totalize,,,
CELL,,Cell,,,
CONSUMPTION,,Consumption,,,
CAPACITY,,Capacity,,,
DISTANCE,,Distance,,,
FALLING_EDGE_OF_SSS_BETWEEN_SSS_AND_SSS,,в†‘в†“Pulse of %s between %s and %s,,,
RISING_EDGE_OF_SSS_DURING_SSS,,%s after в†‘Edge of %s,,,
FALLING_EDGE_OF_SSS_DURING_SSS,,в†“Edge of %s during %s,,,
FALLING_EDGE_OF_SSS,,в†“Edge of %s,,,
RISING_EDGE_OF_SSS,,в†‘Edge of %s,,,
STALL,,Stall,,,
EDITABLE_SRV_DDD_CURR,,SRV%d current,,,
EDITABLE_SRV_DDD_VOLT,,SRV%d voltage,,,
EDITABLE_SRV_DDD_TEMP,,SRV%d temperature,,,
EDITABLE_SRV_DDD_VELOCITY,,SRV%d velocity,,,
EDITABLE_SRV_DDD_STATE,,SRV%d state,,,
EDITABLE_SRV_DDD_POS,,SRV%d position,,,
CONDITION,,Condition,,,
TIMER_LOGS,,Timer Logs,,,
SAVE_TO_SD,,Save to SD,,,
CLEAR_LOGS,,Clear logs,,,
TITLE,,Title,,,
LOWEST,,Lowest,,,
COUNT,,Count,,,
HIGHEST,,Highest,,,
BLADES,,Blades,,,
MAINGEAR_TEETH,,Maingear teeth,,,
PINION_TEETH,,Pinion teeth,,,
GEAR,,Gear,,,
PROPELLER,,Propeller,,,
FLIGHT_VALUE,,Flight value,,,
CURRENT_FLIGHT_MODE,,Current F.M.,,,
NO_DESTINATION,,No destination,,,
ENT_LONG,,ENT Long,,,
RX_STILL_ON_TURN_OFF_TRANSMITTER,,"Rx is still ON, turn off the transmitter ?",,,
CONFIRM_RESET_SENSOR,,The value of this sensor will be reset.\nAre you sure you want to continue?,,,
GPS_MAP,,GPS Map,,,
MAP,,Map,,,
SYSTEM_EVENT,,System event,,,
RSSI_LOW,,Rssi Low,,,
TRAINER_ACTIVE,,Trainer active,,,
MULTIPLIER,,Multiplier,,,
VERTICAL,,Vertical,,,
HORIZONTAL,,Horizontal,,,
TOTAL,,Total,,,
CELLS,,Cells,,,
MULTI_LIPO,,Multi LiPo,,,
LIPO,,LiPo,,,
LINE_CHART,,Line chart,,,
LOG_PERIOD,,Log period,,,
RESUME,,Resume,,,
PAUSE,,Pause,,,
AUTO_RANGE,,Auto range,,,
LOCK,,Lock,,,
Xx2POS,,{HARDWARE_FUNCTION_SWITCHES} x 2-Pos,,,
XPOS_WITH_OFF,,{HARDWARE_FUNCTION_SWITCHES}-Pos with OFF,,,
XPOS,,{HARDWARE_FUNCTION_SWITCHES}-Pos,,,
2xXPOS,,2 x {HARDWARE_FUNCTION_SWITCHES_PER_SIDE}-Pos,,,
GLOBAL,,Global,,,
_2DOTS,,: ,,,
SUMMARY,,Summary,,,
CONFIRM_STOP_USING_CURVE,,Are you sure you want to stop using this curve?,,,
CONFIRM_STOP_USING_RATE,,Are you sure you want to stop using this rate?,,,
PATTERN,,Pattern,,,
LAST_POSITION,,Last position,,,
SLEEP_BRIGHTNESS,,Sleep mode brightness,,,
TOP_LCD_SLEEP,,Top LCD sleep,,,
VIEW_PER_CHANNEL,,View per channel,,,
VIEW_TABLE,,Table view,,,
GENERAL,,General,,,
RX_STILL_ON_TURN_OFF_RF,,Receiver is still connected.\nAre you sure you want to continue?,,,
LOAD_ALL_FUNCTION_SWITCH_POSITIONS,,Load all function switch positions,,,
CONFIRM_LOAD_ALL_FUNCTION_SWITCH_POSITIONS,,This operation will override all FS positions with the current ones. Are you sure you want to continue?,,,
STORAGE_LOCATION,,Storage location,,,
RADIO,,Radio,,,
MODELS,,Models,,,
USER_BITMAPS,,User bitmaps,,,
SCRIPTS,,Scripts,,,
LOGS,,Logs,,,
SCREENSHOTS,,Screenshots,,,
PRESSURE,,Pressure,,,
COLOR,,Color,,,
CONFIRM_CLEAR_CHANNEL_DDD_NAME,,Channel %d isn't used by any mix.\nDo you want to clear its name?,,,
CONFIRM_CLEAR_CHANNELS_SSS_NAME,,Channels %s are not used by any mix. Do you want to clear their name?,,,
CHANNEL_SBUS_VALUE_LIMIT_WARNING,,The new channel value is incompatible with SBUS/redundancy use. Are you sure you want to continue?,,,
VOLTAGE,,Voltage,,,
SAVE_TO_FILE,,Save to file,,,
FLASH_VIDEO_COMPONENT,,Flash video component,,,
RX_BAT_VOLTAGE,,RX battery voltage,,,
RX_BAT_2_VOLTAGE,,RX battery 2 voltage,,,
EXT_ADC_VOLTAGE,,External ADC voltage,,,
BOARD_CURRENT,,Board current,,,
POWER_ON_RESET,,Power On reset,,,
PIN_RESET,,Pin reset,,,
WAKE_UP_RESET,,Wake Up reset,,,
WATCHDOG_RESET,,Watchdog reset,,,
LOCKUP_RESET,,Lockup reset,,,
BROWN_DOWN_DET_RESET,,Brown down detection reset,,,
RX_RESET_CASE,,RX reset case,,,
OPERATION_ASSIGN,,Assign(=),,,
OPERATION_ADD,,Add(+),,,
OPERATION_SUBTRACT,,Subtract(-),,,
OPERATION_MULTIPLY,,Multiply(*),,,
OPERATION_DIVIDE,,Divide(/),,,
SQRT,,Sqrt,,,
REPURPOSE,,Repurpose,,,
SENSOR_CONFLICT_WARNING,,Sensor conflict warning,,,
NIGHTLY_BUILD_NOT_FOR_FLYING,,"Nightly build, not for flying!",,,
READING_FILE,,Reading file ...,,,
NOT_ENOUGH_MEMORY,,Not enough memory,,,
CLEAN_LOGS,,Clean logs,,,
CONFIRM_CLEAN_LOGS,,This operation will remove all the .csv files under the directory. Are you sure you want to continue?,,,
CLEANING_LOGS,,Cleaning logs ...,,,
PAUSE_CONDITION,,Pause condition,,,
RESET_SETTINGS,,Reset settings,,,
SWAP_CHANNELS,,Swap channels,,,
CONFIRM_RESET_SETTINGS,,The settings will be reset to the default values.\nAre you sure you want to continue?,,,
COMPETITION_OPTION,,Competition (only RSSI and Battery),,,
CONFIRM_SSS_USED_BY_SSS,,%s is now used by %s.\nAre you sure you want to continue?,,,
BOTH_MODULES,,Both modules,,,
SPORT_CONNECTOR,,S.Port connector,,,
TELEMETRY_FORWARDING,,Telemetry forwarding,,,
SPORT_CONNECTOR_POWER,,S.Port connector power (5V),,,
FBUS_VIA_SPORT_CONNECTOR,,FBUS via S.Port connector,,,
TRAINER_CABLE,,Trainer cable,,,
BLUETOOTH,,Bluetooth,,,
ACTIVELOOK_GLASSES,,ActiveLook glasses,,,
GLASSES,,Glasses,,,
LUA_TASKS,,Lua tasks,,,
LUA_SOURCES,,Lua sources,,,
MISSING_SCRIPT_FILE,,Missing script file,,,
BITMAP,,Bitmap,,,
BITMAP_TYPE,,Bitmap type,,,
BITMAP_FILE,,Bitmap file,,,
FILE_PATH,,File path,,,
TEXT,,Text,,,
DOCUMENTS,,Documents,,,
USB_MODE_PRESELECTION,,USB mode preselection,,,
USB_MODE,,USB mode,,,
JOYSTICK,,Joystick,,,
SERIAL,,Serial,,,
SELECT_MODEL_AT_POWER_ON,,Select model at power on,,,
LOAD_MODEL,,Load model,,,
TELEMETRY_ACTIVE,,Telemetry active,,,
FLIGHT_RESET,,Flight reset,,,
TRIP_RESET,,Trip reset,,,
THROTTLE_ACTIVE,,Throttle active,,,
SEND_FILE,,Send file,,,
FILE_TRANSFER,,File transfer,,,
RECEIVE_FILE,,Receive file,,,
WAITING_FOR_CONNECTION,,Waiting for connection ...,,,
CONNECTION_REFUSED,,Connection refused,,,
WAITING_FOR_RECEIVER_CONFIRMATION,,Waiting for receiver confirmation ...,,,
FILE_TRANSFER_FAILED,,File transfer failed,,,
CONFIRM_RECEIVE_FILE_SSS_IN_FOLDER_SSS_SIZE_IS_SSS,,About to receive file %s to folder %s\nFile size is %s,,,
CONFIRM_OVERWRITE_FILE_SSS_IN_FOLDER_SSS_SIZE_IS_SSS,,About to overwrite file %s in folder %s\nFile size is %s,,,
SENDING_SSS,,Sending %s ...,,,
RECEIVING_SSS,,Receiving %s ...,,,
COUNTING_SOURCE,,Proportional timing source,,,
SEND_MODEL,,Send model,,,
RECEIVE_MODEL,,Receive model,,,
ARE_YOU_USING_A_FRSKY_SELF_STAB_RECEIVER,,Are you using a self-stab receiver from FrSky?,,,
EMERGENCY,,Emergency,,,
GAIN_ADJUST,,Gain adj.,,,
UNIT_MILLILITER_PER_PULSE,,ml/p,,,
UNIT_RPM,,r/m,,,
ASSIGN_INPUT_HINT,,Please assign input sources for the following functions,,,
CONFIRMATION,,Confirmation,,,
ENABLE_XXX,,Enable %s?,,,
DISABLE_XXX,,Disable %s?,,,
CONFIRMATION_BEFORE_ACTIVE,,Confirmation before active,,,
CONFIRMATION_BEFORE_INACTIVE,,Confirmation before inactive,,,
REMOTE_NFC,,Remote NFC,,,
SWITCH_CHANNEL,,Switch channel,,,
WIRELESS,,Wireless,,,
TIMEOUT,,Time out,,,
NO_ENABLED_MODULE,,Please enable the module you want to bind with NFC,,,
GET_MODULE_UUID_FAILED,,Failed to get module UUID.\nPlease check your module state!,,,
BIND_NFC_FAILED,,Failed to bind the NFC with the module!,,,
PROTOCOL_NOT_SUPPORTED,,The current module protocol is not supported!,,,
CONFIRM_DELETE_TRIM,,Are you sure you want to delete this extra trim?,,,
LEFT_STICK,,Left stick,,,
RIGHT_STICK,,Right stick,,,
ALL_MOTORS,,All motors,,,
SELECT,,Select,,,
SINGLE_MOTOR,,Single motor,,,
STICK_MOTORS,,Stick motors,,,
CONFIRM_DELETE_ACTION,,Are you sure you want to remove this action?,,,
CONFIRM_DELETE_SCREEN,,Are you sure you want to remove this screen?,,,
CONFIRM_DELETE_SENSOR,,Are you sure you want to remove this sensor?,,,
FILE_ALREADY_EXISTS,,A file with the same name already exists,,,
MODEL_RUNTIME,,Model runtime,,,
RADIO_RUNTIME,,Radio runtime,,,
WAITING_FOR_SIGNAL,,waiting for signal...,,,
CONFIRM_RESET_RUNTIME,,Runtime will be reset.\nAre you sure you want to continue?,,,
BANK,,Bank,,,
POWER_SWITCH,,Power switch,,,
CURRENT_AND_VOLTAGE_RATE,,Current & voltage rate,,,
BEC_VOLTAGE_RATE,,BEC voltage rate,,,
SBEC_VOLTAGE,,SBEC voltage,,,
BATTERY_MODE,,Battery mode,,,
SWITCH_VOLTAGE,,Switch voltage,,,
BALANCE,,Balance,,,
BACKUP,,Backup,,,
BALANCE_CHANNELS,,Balance channels,,,
CHOOSE_CHANNELS,,Choose channels,,,
BALANCE_CURVE,,Balance curve,,,
CONFIRM_TO_SHARE_RECEIVER,,Are you sure you want to share this receiver?,,,
CONFIRM_TO_UNBIND_RECEIVER,,Are you sure you want to unbind this receiver?,,,
CONFIRM_FRSK_NOT_COMPATIBLE,,This FRSK file is not compatible with your device.\nAre you sure you want to continue?,,,
RX_VFR,,Rx VFR,,,
SMOKE_PUMP_VOLTAGE,,S.P voltage,,,
SMOKE_PUMP_CURRENT,,S.P current,,,
SMOKE_PUMP_TEMPERATURE,,S.P temp,,,
SMOKE_PUMP,,Smoke pump,,,
SOLENOID_VALVE,,Solenoid valve,,,
BIND_CARD,,Bind card,,,
WAITING_FOR_NFC_CARD,,Please hold the NFC key close to the RemoteNFC panel for binding ...,,,
BIND_CARD_SUCCESS,,Bind NFC card successfully!,,,
BIND_CARD_FAIL,,NFC card is not successfully bound!,,,
BUS_INVERT,FBUS and F.Port inverted on receiver (Yes / No),Bus invert,,,
SBEC_INPUT_VOLT,,SBEC input volt.,,,
OVER_CURRENT,,Over current,,,
READ_MAG_ERROR,,Read mag error,,,
LOW_VOLTAGE,,Low voltage,,,
UNKNOWN_ERROR,,Unknown error,,,
WORKING_MODE,,Working mode,,,
ANGLE_MODE,,Angle mode,,,
RANGE_MODE,,Range mode,,,
ROTATE_MODE,,Rotate mode,,,
XACT_RANGE,,Range (Range mode only),,,
XACT_MAX_ANGLE,,Max angle (Angle mode only),,,
POT_GAP,,Pot gap,,,
GEAR_CHANNEL,,Gear channel,,,
GEAR_OPERATING_VOLTAGE,,Gear operating voltage,,,
DOOR_OPERATING_VOLTAGE,,Door operating voltage,,,
REAR_DOOR_MODE,,Rear door mode,,,
NOSE_DOOR_MODE,,Nose door mode,,,
LEFT_GEAR_STALL_CURRENT,,Left gear stall current,,,
RIGHT_GEAR_STALL_CURRENT,,Right gear stall current,,,
NOSE_GEAR_STALL_CURRENT,,Nose gear stall current,,,
LEFT_GEAR_INVERT,,Left gear inverted,,,
RIGHT_GEAR_INVERT,,Right gear inverted,,,
NOSE_GEAR_INVERT,,Nose gear inverted,,,
DOOR_SPEED,,Door speed,,,
NOSE_DOOR_CLOSE_VALUE,,Nose door close value,,,
NOSE_DOOR_OPEN_VALUE,,Nose door open value,,,
RIGHT_DOOR_CLOSE_VALUE,,Right door close value,,,
RIGHT_DOOR_OPEN_VALUE,,Right door open value,,,
LEFT_DOOR_CLOSE_VALUE,,Left door close value,,,
LEFT_DOOR_OPEN_VALUE,,Left door open value,,,
DELAY_AFTER_DOOR_OPEN,,Delay after door open,,,
DELAY_BEFORE_DOOR_CLOSE,,Delay before door close,,,
DOORS_CALIBRATION,None,Doors calibration,,,
DOORS_POSITIONS_RESET,None,Doors positions reset,,,
RESET_DOORS_POSITIONS,,Reset doors positions,,,
BRAKE_CHANNEL,,Brake channel,,,
BRAKE_OPERATING_VOLTAGE,,Brake operating voltage,,,
RIGHT_BRAKE_FORCE,,Right brake force,,,
LEFT_BRAKE_FORCE,,Left brake force,,,
BRAKE_VELOCITY_THRESHOLD,,Brake velocity threshold,,,
GEAR_UP_BRAKE_FORCE,,Gear up brake force,,,
BRAKE_STABILIZER_WEIGHT,,Brake stabilizer weight,,,
STEERING_CHANNEL,,Steering channel,,,
STEERING_RANGE,,Steering range,,,
HEADING_HOLD,,Heading hold,,,
STABILIZED,,Stabilized,,,
STEERING_STABILIZER_MODE,,Steering stabilizer mode,,,
STEERING_STABILIZER_GAIN,,Steering stabilizer gain,,,
STEERING_STABILIZER_DIRECTION,,Steering stabilizer direction,,,
STEERING_TRIM,,Steering trim,,,
STALL_CURRENT,,Stall current,,,
END_CALIBRATION,,End calibration,,,
END_CALIBRATION_MESSAGE,,"Ending calibration, please wait until dialog is closed ...",,,
PGC_CALIBRATE_MESSAGE,,Please press the calibration direction button to begin calibration. Press Stop when indicated by the real-time status from the PGC.,,,
STOP,,Stop,,,
NOSE_DOOR,,Nose door,,,
LEFT_DOOR,,Left door,,,
RIGHT_DOOR,,Right door,,,
CALIBRATE_CLOSE_POSITION,,Calibrate close position,,,
CALIBRATE_OPEN_POSITION,,Calibrate open position,,,
SEQUENCER,,Sequencer,,,
LOOP_MODE,,Loop mode,,,
FORWARD_CONDITION,,Forward condition,,,
FORWARD_DURATION,,Forward duration,,,
BACKWARD_CONDITION,,Backward condition,,,
BACKWARD_DURATION,,Backward duration,,,
EARLY,,Early,,,
ADD_A_NEW_OUTPUT,,+ Add a new output,,,
REMOVE_OUTPUT,,Remove output,,,
EDIT_CURVE,,Edit curve,,,
ADD_A_BACKWARD_CURVE,,Add a backward curve,,,
USE_ONLY_ONE_CURVE,,Use only one curve,,,
EDIT_BACKWARD_CURVE,,Edit backward curve,,,
EDIT_FORWARD_CURVE,,Edit forward curve,,,
