String name, String context, X20(...) / XE(S) / V20 X18RS / X14(...) / T14 / V15 All other radios
TRANSLATION_KEY,,"sk"
TRANSLATION_NAME,,"Slovensky"
TRANSLATION_FALLBACK_NAME,,"Slovensky"
TRANSLATION_FONT_SUBSET,,"latin"
SPECIAL_CHARS,,"áčéíľščžťťúýäôň_-+."
FORMULA,,"Vzorec"
CALCULATED_SENSOR,,"Vypočítaný senzor"
NAME,,"Názov"
DECIMALS,,"Desatiny"
VALUE,,"Hodnota"
SENSOR_LOST_WARNING_DELAY,,"Varovanie strateného senzoru"
WARNING_DISABLED,,"Varovanie vypnuté"
RANGE,,"Rozsah"
SPACE_WITH_SAMPLES,,"Vzoriek"
RESET,,"Reset"
TELEMETRY_SENSOR,,"Telemetrický senzor"
UNIT,,"Jednotka"
WRITE_LOGS,,"Logovať"
ID,,"ID"
CENTER,,"Stred"
SUBTRIM,,"Subtrim"
PWM_CENTER,,"PWM Stred"
NORMAL,,"Normál"
EQUAL,,"Zhodné"
UNPLUGGED,,"Odpojené"
BEHAVIOUR,,"Chovanie"
ADD_A_NEW_BEHAVIOUR,,"Pridať nové chovanie "
ADD_EXTRA_TRIM,,"Pridať extra trim"
EXTRA_TRIM,,"Extra trim"
SLOW_UP,,"Pomaly hore"
MIN,,"Min"
CURVE,,"Krivka"
MAX,,"Max"
CHANNEL,,"Kanál"
INVERT,,"Invertovať"
SLOW_DOWN,,"Pomaly dole"
INVERTED,,"Invertovaný"
FLIGHT_MODES,,"Letové režimy"
DRIVE_MODES,,"Cestné režimy"
MIX_NAME_DESCRIPTION,,"Upraviť názov mixu"
TRIGGER_ON_CONDITION,,"Podmienka spustenia"
COMMENT,,"Poznámka"
FUNCTION,,"Funkcia"
VALUES,,"Hodnoty"
ADD_A_NEW_VALUE,,"Pridať novú hodnotu"
ACTIONS,,"Akcia"
ADD_A_NEW_ACTION,,"Pridať novú akciu"
ADD_A_NEW_LOGIC_SWITCH,,"Pridať nový logický spínač"
DURATION_HIGH,,"Doba trvania aktivity"
RISING_EDGE,,"Stúpanie hrany"
DURING,,"Počas"
VALUE1,,"Hodnota 1"
VALUE_X,,"Hodnota (X)"
CHECK_INTERVAL,,"Interval kontroly"
ACTIVE_CONDITION,,"Aktívny stav"
MIN_DURATION,,"Min. doba trvania"
MAX_DURATION,,"Max. doba trvania"
DURATION_LOW,,"Doba trvaniana aktivity"
VALUE2,,"Hodnota 2"
DELAY_BEFORE_ACTIVE,,"Oneskorenie pred aktiváciou"
DURATION,,"Trvanie"
SOURCE_A,,"Zdroj (A)"
TRIGGER_OFF_CONDITION,,"Podmienka vypnutia"
DELAY_BEFORE_INACTIVE,,"Oneskorenie pred deaktiváciou"
DELAY_ON_OFF,,"Oneskorenie ON / OFF"
SOURCE,,"Zdroj"
APPLICATION_ID,,"Aplikačné ID"
PHYSICAL_ID,,"Fyzické ID"
ACTION,,"Akcia"
TRAINER,,"Tréner"
TRAINER_MODE,,"Režim tréner"
CHANNEL_RANGE,,"Rozsah kanálov"
CH,,"CH"
OUTPUTS,,"Výstupy"
LAST_MODIFICATION,,"Posledná úprava"
DESCENDING,,"Z-A"
SORT_BY,,"Triediť podľa..."
ASCENDING,,"A-Z"
CLONE,,"Klonovať"
MODEL_MATCH,,"Model ID"
MODEL_DATA_LOAD,,"Dáta modelu nahrané"
FILE_SIZE,,"Veľkosť súboru"
MODEL_SELECT,,"Výber modelu"
NO_MODELS_DIRECTORY,,"Neexistuje adresár modelov"
ARE_YOU_SURE_YOU_WANT_TO_DELETE_THIS_MODEL,,"Ste si istý že chcete odstrániť tento model?"
SUCCESS,,"Hotovo!"
CLONE_MODEL_SUCCESSFULLY,,"Model je úspešne skopírovaný"
FILENAME_TOO_LONG,,"Názov súboru je príliš dlhý!"
RX_STILL_ON_SELECT_ANOTHER_MODEL,,"Prijímač je stále zapnutý ste si istý prepnutím modelu?"
CONFIRM_SELECT_ANOTHER_MODEL,,"Potvrďte voľbu iného modelu"
FILE_NAME,,"Názov súboru"
MODEL_TYPE,,"Typ modelu"
CONFIRM,,"Potvrdiť"
SET_CURRENT_MODEL,,"Nastaviť aktuálny model"
UNCATEGORIZED,,"Nezaradené"
CHANGE_FOLDER,,"Zmeniť adresár"
OPERATION,,"Operácia"
OPERATION_FAILED,,"Operácia zlyhala!"
DELETE_FOLDER,,"Zmazať adresár"
RENAME,,"Premenovať"
CREATE_FOLDER,,"Vytvoriť adresár"
CONFIRM_DELETE_FLIGHT_MODE,,"Potvrďte odstránenie letového režimu"
MOVE,,"Posunúť"
EDIT,,"Upraviť"
ADD,,"Pridať"
TELEMETRY_PORT,,"Port telemtrie"
WARNING,,"Varovanie"
ERRORS,,"Chyby"
OPTIONS,,"Možnosti"
CONFIGURE,,"Konfigurovať"
WAITING_FOR_RECEIVER,,"Čakám na prijímač..."
PIN,,"Pin"
TELEMETRY,,"Telemetria"
RX_SETTINGS,,"Nastavenie RX"
NO_RESPONSE_FROM_RECEIVER,,"Prijímač neodpovedá"
SBUS_OUT,,"SBUS Out"
SBUS_IN,,"SBUS In"
TELEMETRY_25_MW,,"Telemetria 25mW"
HIGH_PWM_SPEED,,"Vysoká rýchlosť PWM"
FLIGHT_DATA_RECORDER,,"Čierna skrinka"
RX_HAS_NO_FLIGHT_DATA_RECORD,,"Prijímač nemá nahrané žiadne dáta."
DEVICE_CONFIG,,"Nastavenie senzorov"
CONFIRM_DELETE_TIMER,,"Potvrďte odstránenie stopiek"
TIMER,,"Stopky"
MODE,,"Režim"
PASTE,,"Vložiť"
TIMERS,,"Stopky"
COPY,,"Kopírovať"
NO_TIMER_HINT,,"Žiadne stopky. Prosím zvolte tlačidlo pridať pre vytvorenie!"
ANTENNA,,"Anténa"
POWER_HAS_BEEN_CHANGED_PLEASE_REBIND,,"Výkon bol zmenený prosím prepárujte!"
NO_RESPONSE_FROM_MODULE,,"Modul neodpovedá!"
POWER,,"Výkon"
BAUDRATE,,"Prenosová rýchlosť"
ARMING_CONDITION,,"Podmienka aktivácie"
WAITING_FOR_MODULE,,"Čakám na modul..."
TX_SETTINGS,,"Nastavenie TX"
MIXES,,"Mixér"
CHANNELS,,"Kanály"
FLIGHT_MODE,,"Letový režim"
DRIVE_MODE,,"Režim riadenia"
D,,"V"
CONFIRM_DELETE_MIX,,"Potvrďte odstránenie mixu"
CONFIRM_DELETE_SSS,,"Are you sure you want to delete %s"
NONE,,"Žiadny"
NO_MIX_HINT,,"Žiadny mix. Prosím zvoľte tlačidlo pridať pre vytvorenie!"
TYPE,,"Typ"
SHARE,,"Zdieľať"
RX,,"RX"
RACING_MODE,,"Pretekársky mód"
RANGE_CHECK,,"Kontrola dosahu"
EXTERNAL_MODULE,,"Externý modul"
BIND_OK,,"Párovanie OK"
BINDING_3DOTS,,"Párovanie..."
BIND,,"Párovať"
FAILSAFE,,"Failsafe"
INTERNAL_MODULE,,"Interný modul"
SET_FAILSAFE,,"Nastavenie failsafe"
RESET_BIND,,"Zrušenie párovania"
FACTORY_RESET,,"Továrenský reset"
RF_SYSTEM,,"RF systém"
LINKS,,"Konektivita"
OWNER_REGISTRATION_ID,,"Registračné ID vlastníka"
SELECT_DEVICE,,"Výber zariadenia"
REGISTER,,"Registrovať"
VALID_FRAME_RATE,,"VFR"
STATE,,"Stav"
PROTOCOL,,"Protokol"
ARE_YOU_SURE_TO_RESET_THIS_RECEIVER,,"Skutočne chete resetovať tento prijímač?"
SET,,"Nastaviť"
EXPO,,"Expo"
UNIT_POINTS_COUNT,,"Jednotka bodov"
WEIGHT,,"Váha"
POINTS,,"Body"
OFFSET,,"Offset"
AUTO_OFFSET,,"Auto offset"
OFFSET_WHEN_ACTIVE,,"Offset keď je aktívny"
OFFSET_WHEN_INACTIVE,,"Offset keď je neaktívny"
SMOOTH,,"Vyhladenie"
POINT,,"Bod"
POINTS_COUNT,,"Počet bodov"
EASY_MODE,,"Jednoduchý režim"
LOGIC_SWITCHES,,"Logické spínače"
ARE_YOU_SURE_YOU_WANT_TO_DELETE_THIS_LOGIC_SWITCH,,"Skutočne chcete odstrániť tento logický spínač?"
NO_LOGIC_SWITCH_HINT,,"Žiadny logický spínač. Prosím zvolte tlačidlo pridať pre vytvorenie!"
START_CONDITION,,"Podmienka štartu"
STOP_CONDITION,,"Podmienka zastavenia"
TIMER_EDIT,,"Úprava časovača"
PERSISTENT,,"Trvalý"
START_VALUE,,"Štartovacia hodnota"
AUDIO_ACTIONS,,"Zvukové akcie"
AUDIO_ACTION,,"Zvuková akcia"
ADD_A_NEW_AUDIO_ACTION,,"Pridať novú zvukovú akciu"
ALARM_VALUE,,"Alarmová hodnota"
HAPTIC,,"Vibrovanie"
COUNT_SECONDS,,"Odpočítavanie"
START,,"Štart"
PLAY_FILE,,"Prehrať súbor"
SPACE_WITH_OTHERS,,"Iné"
CONFIRM_DELETE_CURVE,,"Potvrďte odstránenie krivky"
CURVE_USED_BY,,"Táto krivka je použitá v týchto mixoch:"
AND_WITH_TWO_SPACES,," a "
CURVES,,"Krivky"
NO_CURVE_HINT,,"Žiadna krivka. Ak chcete vytvoriť stlačte tlačidlo Pridať!"
VARS,,"Premenné"
NO_VAR_HINT,,"Zatiaľ bez premenných. Ak chcete vytvoriť stlačte tlačidlo Pridať!"
ARE_YOU_SURE_YOU_WANT_TO_DELETE_THIS_VAR,,"Skutočne chcete odstrániť túto premennú?"
CONFIRM_RESET_MIXES,,"Potvrďte odstránenie mixov."
ELEVATORS,,"Výškovky"
YAW,,"Otáčanie"
SWASH_PLATE,,"Cyklika"
EDIT_MODEL,,"Upraviť model"
PICTURE,,"Obrázok"
TAIL,,"Chvost"
AILERONS,,"Krídelká"
PITCH,,"Klopenie"
THROTTLE,,"Plyn"
FLAPS,,"Klapky"
ENGINE,,"Motor"
BRAKE,,"Brake"
RUDDERS,,"Smerovky"
ROLL,,"Náklon"
FUNCTION_SWITCHES,,"Funkčné přepínače"
RESET_ALL_MIXES,,"Reset všetkých mixov"
CREATE_CALCULATED_SENSOR,,"Vytvoriť vypočítaný senzor"
CONFIRM_DELETE_SENSORS,,"Potvrďte vymazanie senzorov"
ON,,"Zap"
OFF,,"Vyp"
DISCOVER_NEW_SENSORS,,"Vyhľadávanie nových senzorov"
DELETE_ALL,,"Odstrániť všetko"
INDIVIDUAL_RSSI_ALERT_PER_BAND,,"Individual RSSI alert per band"
CREATE_DIY_SENSOR,,"Vytvoriť DIY senzor"
CONFIRM_LOAD_ALL_SWITCH_POSITIONS,,"Potvrďte náčítanie pozícií všetkých prepínačov"
CHECK_FUNCTION,,"Kontrola funkcie"
LOAD_ALL_SWITCH_POSITIONS,,"Načítať pozície všetkých prepínačov"
CONFIRM_LOAD_ALL_POT_POSITIONS,,"Potvrďte náčítanie pozícií všetkých potenciometrov"
LOAD_ALL_POT_POSITIONS,,"Načítanie pozícií všetkých potenciometrov"
CALIBRATION_FINISH,,"Kalibrácia ukončená!"
SXR_CALIBRATION,,"Kalibrácia SxR"
CLICK_WHEN_DONE,,"Hotovo"
CALIBRATING,,"Kalibrujem..."
SXR_CALIBRATION_DESCRIPTION,,"Popis kalibrácie SxR"
SLAVE_CH,,"Podriadený CH"
PERCENT,,"Percent"
DESTINATION,,"Cieľ"
ENABLE,,"Zap"
NO_FUNCTION_HINT,,"Žiadna funkcia. Ak chcete vytvoriť stlačte tlačidlo Pridať!"
SPECIAL_FUNCTIONS,,"Špeciálne funkcie"
NEW_FUNCTION,,"Nové funkcie"
SF,,"SF"
DISABLE,,"Vyp"
ARE_YOU_SURE_YOU_WANT_TO_DELETE_THIS_SPECIAL_FUNCTION,,"Skutočne chcete odstrániť túto špeciálnu funkciu?"
REGISTRATION_OK,,"Registrácia OK"
UID,,"UID"
REGISTRATION_ID,,"Registračné ID"
RX_NAME,,"Názov RX"
RECEIVER_CONNECTED,,"Prijímač pripojený"
REGISTRATION,,"Registrácia"
TRIMS,,"Trimy"
FADE_IN,,"Nábeh"
FADE_OUT,,"Výbeh"
AUTO_DETECT,,"Autodetekcia"
DISPLAY_DECIMALS_AND_UNIT,,"Presnosť zobrazenia / jednotka"
SELECT_SENSOR,,"Vyberte senzor"
DIY_SENSOR,,"DIY senzor"
WAITING,,"Čakám"
BAND,,"Pásmo"
RATIO,,"Pomer"
MODULE,,"Modul"
PROTOCOL_DECIMALS_AND_UNIT,,"Presnosť protokolu / jednotka"
CROSS_TRIM,,"Priradenie trimrov"
MOVE_TRIM_TO_SUBTRIM,,"Presunúť trim do subtrimu"
INSTANT_TRIM,,"Okamžitý trim"
MOVE_TRIMS_TO_SUBTRIMS,,"Presunúť trimy do subtrimov"
INDEPENDENT_PER_FLIGHT_MODE,,"Individuálny trim podľa let. režimu"
STICK,,"Páka"
CONFIGURE_SCREENS,,"Nastav. obrazoviek"
TOP_SCREEN,,"Horná obrazovka"
CHANGE_LAYOUT,,"Zmeniť rozmiestnenie"
FULL_SCREEN,,"Celá obrazovka"
WIDGET,,"Widget"
SET_MAIN_SCREEN,,"Nastav. hl. obrazovku"
CONFIGURE_WIDGET,,"Konfigurovať widget"
NEW_SCREEN,,"Nová obrazovka"
SCREEN,,"Obrazovka"
CHANGE_WIDGET,,"Zmeniť Widget"
MOVE_FORWARD,,"Posunúť dopredu"
MOVE_BACKWARD,,"Posunúť dozadu"
RESET_FLIGHT,,"Resetovať let"
RESET_TIMERS,,"Resetovať stopky"
RESET_TELEMETRY,,"Resetovať telemetriu"
HOME,,"Domov"
ADD_AFTER,,"Pridať za..."
ADD_MIX_FAILED,,"Pridanie mixu zlyhalo"
MAX_MIXES_REACHED,,"Bol dosiahnutý maximálny počet mixov"
FIRST_POSITION,,"Prvá pozícia"
MIXES_LIBRARY,,"Knižnica mixov"
LOCAL_ADDRESS,,"Miestna adresa"
WAITING_FOR_DEVICES,,"Čakám na zariadenia..."
LOCAL_NAME,,"Miestny názov"
SEARCH_DEVICES,,"Hladať zariadenie"
BLUETOOTH_DEVICE_CONNECTED,,"Zariadenie bluetooth pripojené"
NOT_CONNECTED,,"Not connected"
CONFIRM_ALLOW_CONNECTION,,"Povoliť pripojenie?"
BLUETOOTH_FIRMWARE_NEEDS_UPDATE,,"Pre Bluetooth firmwér je potrebná aktualizácia!"
BLUETOOTH_MAINTENANCE,,"Bluetooth údržba"
DEVICE,,"Jednotka"
NO_BLUETOOTH_DEVICE_FOUND,,"Zariadenie bluetooth nebolo nájdené"
SPEAKER_MUTE,,"Ztlmenie reproduktoru"
DISCONNECT,,"Odpojené"
WAITING_FOR_DEVICE,,"Čakám na spojenie"
DIST_ADDRESS,,"Vzdialená adresa"
CONNECTING,,"Pripojené"
ROTARY_ENCODER_HALF_STEPS,,"Rotačný enkóder polovičné kroky"
BLUETOOTH_AUDIO,,"Bluetooth Audio"
NOT_INSTALLED,,"Nenainštalované (default)"
INSTALLED_AS_AN_OPTION,,"Inštalácia ako voľba"
HIGH_SPEED,,"Vysoká rýchlosť"
NORMAL_SPEED,,"Normálna rýchlosť"
MODEL,,"Model"
STEERING,,"Riadenie"
DUTY_RATIO,,"Duty ratio"
CYCLE_DURATION,,"Cycle duration"
RETURN_POSITION,,"Return position"
STEERING_BRAKE,,"Brzda riadenia"
CHECKLIST,,"Kontrolný zoznam"
FILE_MANAGER,,"Prieskumník"
SOUND,,"Zvuk"
STICKS,,"Páky"
DATE_TIME,,"Dátum a Čas"
HARDWARE,,"Hardwér"
INFO,,"Info"
SERIAL_NUMBER,,"Sériové číslo"
RESET_FACTORY_SETTINGS,,"Reset na továrenské nastavenie"
CONFIRM_RESET_FACTORY_SETTINGS,,"Potvrďte reset na továrenské nastavenie"
SYSTEM,,"Systém"
DISPLAY,,"Displej"
KEYBOARD,,"Klávesnica"
ENABLE_SLIDER,,"Povoliť ťahový ovládač"
DISABLE_SLIDER,,"Zakázať ťahový ovládač"
ALERTS,,"Varovania"
SPECTRUM_ANALYSER,,"Spektrálny analyzér"
BATTERY,,"Batéria"
CHECKLIST_WARNING,,"Výstraha kontrolného zoznamu"
RADIO_IS_IN_SILENT_MODE,,"Rádio je v tichom režime"
RADIO_BATTERY_IS_LOW,,"Batéria rádia je vybitá"
THROTTLE_IS_NOT_IDLE,,"Plyn nie je na voľnobehu"
ARE_NOT_IN_SAFE_POSITION,,"Nie sú v bezpečnej pozícii"
IS_NOT_IN_SAFE_POSITION,,"Nie je v bezpečnej pozícii"
FUNCTION_SWITCHES_ARE_NOT_IN_SAFE_POSITION,,"Funkčné prepínače nie sú v bezpečnej pozícii"
FAILSAFE_IS_NOT_SET,,"Failsafe nie je nastavený"
RTC_BATTERY_IS_LOW,,"Batéria RTC je vybitá"
ALWAYS_ON,,"Vždy zapnuté"
ALWAYS_OFF,,"Always OFF"
YES,,"Áno"
DIGITAL_RSSI,,"Digitálne RSSI"
GYRO,,"Gyro"
GYRO_SWITCHES,,"Gyro prepínače"
LANGUAGE,,"Jazyk"
SWITCHES,,"Prepínače"
TOP_TOOLBAR,,"Horný panel"
NO,,"Nie"
BRIGHTNESS,,"Jas"
KEYS,,"Klávesy"
WAKE_UP,,"Zobudiť"
DIGITAL_VOLTAGE,,"Digitálne napätie"
SLEEP,,"Spánok"
SYSTEM_ALERTS,,"Systémové varovania"
INACTIVITY,,"Nečinnosť"
AUTO_ADJUST_FROM_GPS,,"Automatické nastavenie z GPS"
DATE,,"Dátum"
ADJUST_RTC_SPEED,,"Nastavenie RTC rýchlosti"
SHOW_SECONDS,,"Zobraziť sekundy"
IS24HOUR,,"24 hodinový čas"
TIME_ZONE,,"Časová pásmo"
YEAR,,"Rok"
MONTH,,"Mesiac"
TIME,,"Čas"
NEXT,,"Ďalšie"
GYRO_CALIBRATION,,"Kalibrácia Gyra"
PREV,,"Späť"
MDL_LONG,,"MDL dlho"
HARDWARE_CHECK,,"Kontrola hardwéru"
SWITCHES_SETTINGS,,"Nastavenie prepínačov"
ADC_INSPECTOR,,"Inšpektor ADC"
SYS_LONG,,"SYS dlho"
HOME_KEYMAP,,"Nastav. tlačidiel"
POTS_SLIDERS_SETTINGS,,"Nastavenie pot/ťahových ovl."
SWITCH_MIDDLE_DETECT_DELAY,,"Oneskorenie detekcie stred. polohy"
DISP_SHORT,,"{DISP_LABEL} krátko"
DISP_LONG,,"{DISP_LABEL} dlho"
SWITCH,,"Prepínač"
THROTTLE_DEAD_BAND,,"Neutrál plynu"
ANALOGS_FILTER,,"Analógový filter"
ANALOGS_CALIBRATION,,"Kalibrácia pák"
CONFIRM_CONTINUE,,"Potvrďte pokračovanie"
THR_NOT_LOW_WARNING,,"Plyn nie je na voľnobehu"
CHANNELS_ORDER,,"Poradie kanálov"
STICKS_MODE,,"Rozloženie pák"
STICKS_MODE_1,,"Mód 1"
STICKS_MODE_2,,"Mód 2"
STICKS_MODE_3,,"Mód 3"
STICKS_MODE_4,,"Mód 4"
FIRST_FOUR_CHANNELS_FIXED,,"Prvé 4 kanály fixné"
NO_SD_CARD,,"Žiadna SD karta"
FLASH_BOOTLOADER,,"Aktualizácia bootloadera"
FLASH_INTERNAL_MODULE,,"Aktualizácia interného modulu"
PLAY,,"Prehrať"
CURRENT_VERSION,,"Aktuálna verzia"
FLASH_RECEIVER_BY_INTERNAL_MODULE_OTA,,"Aktualizácia RX cez interný modul OTA"
FLASH_RECEIVER_BY_EXTERNAL_MODULE_OTA,,"Aktualizácia RX cez extrný modul OTA"
OTA_UPDATE,,"Aktualizácia OTA"
FLASH_EXTERNAL_DEVICE,,"Aktualizácia externej jednotky"
OPEN,,"Otvoriť"
FLASH_EXTERNAL_MODULE,,"Aktualizácia externého modulu"
FLASH_EXTERNAL_MULTIMODULE,,"Aktualizácia externého multimodulu"
MOVE_HERE,,"Presunúť sem"
OTA_UPDATE_ERROR,,"Chyba aktualizácie OTA"
UNSUPPORTED_RX,,"Nepodporovaný RX"
MAIN_VOLTAGE,,"Hlavné napätie"
DISPLAY_VOLTAGE_RANGE,,"Zobrazovaný rozsah napätia"
LOW_VOLTAGE,,"Nízke napätie"
RTC_VOLTAGE,,"RTC napätie"
UNKNOWN,,"Neznámy"
FIRMWARE,,"Firmware"
VIDEO_HARDWARE_VERSION,,"Verzia video hardwéru"
RECEIVER,,"Prijímač"
NON_STABILIZED_RECEIVER,,"Prijímač bez stabilizácie"
VARIO,,"Vario"
MAIN_VOLUME,,"Hlavná hlasitosť"
AUDIO_VOLUME,,"Hlasitosť"
PITCH_AT_ZERO,,"Tón nuly"
SEQUENCE,,"Sekvencia"
PITCH_AT_MAX,,"Tón max"
REPEAT_AT_ZERO,,"Opakovať do nuly"
PLANE,,"Lietadlo"
GLIDER,,"Vetroň"
HELI,,"Vrtuľník"
MULTI,,"Multikoptéra"
CAR,,"Car"
BOAT,,"Boat"
OTHER,,"Iné"
CALIBRATION,,"Kalibrácia"
INPUTS,,"Vstupy"
UPDATE,,"Aktualizácia"
SDCARD,,"SD karta"
SDCARD_ERROR,,"Chyba SD karty"
INVALID_DATA,,"Nesprávne dáta"
FILE_BAD_FORMAT,,"Nesprávny formát súboru"
NO_FILES_ON_SD,,"Na SD karte nie sú súbory"
READ_ERROR,,"Chyba čítania"
WRITE_ERROR,,"Chyba zápisu"
WRONG_HEADER,,"Nesprávna hlavička"
WRONG_FORMAT,,"Nesprávny formát"
WRONG_CRC,,"Nespávne CRC"
WRONG_FILE_SIZE,,"Nesprávna veľkosť súboru"
WRONG_FILE,,"Nesprávny súbor"
ERROR,,"Chyba"
RUDDER,,"Smerovka"
ELEVATOR,,"Výškovka"
DELETE,,"Odstrániť"
MODEL_BITMAP,,"Obrázok modelu"
TAIL_TYPE,,"Typ chvosta"
TRADITIONAL,,"Tradičný"
VTAIL,,"V-Tail"
REVERSE,,"Reverz"
RATE,,"Rate"
UP,,"Hore"
DOWN,,"Dole"
LEFT_SHORT,,"L"
RIGHT_SHORT,,"R"
RIGHT,,"Vpravo"
LEFT,,"Vľavo"
TOP,,"Hore"
BOTTOM,,"Dole"
TIMER_UP,,"Časovač hore"
TIMER_DOWN,,"Časovač dole"
LIMIT,,"Limit"
SPEED,,"Rýchlosť"
SET_DATE,,"Nastaviť dátum"
SET_TIME,,"Nastaviť čas"
SILENT_MODE,,"Tichý mód"
KEY,,"Klávesa"
ALARM,,"Alarm"
TRIM,,"Trim"
SETUP_CHANNEL,,"Nastavenie kanálov"
LOGIC_SWITCH,,"Logický spínač"
CREATE_MODEL,,"Vytvoriť model"
SAVE,,"Uložiť"
LS,,"LS"
FS,,"FS"
OP,,"OP"
MASTER,,"Tréner - Učiteľ"
SLAVE,,"Tréner - žiak"
SUNDAY,,"Nedeľa"
MONDAY,,"Pondelok"
TUESDAY,,"Utorok"
WEDNESDAY,,"Streda"
THURSDAY,,"Štvrtok"
FRIDAY,,"Piatok"
SATURDAY,,"Sobota"
JANUARY,,"Január"
FEBRUARY,,"Február"
MARCH,,"Marec"
APRIL,,"Apríl"
MAY,,"Máj"
JUNE,,"Jún"
JULY,,"Júl"
AUGUST,,"August"
SEPTEMBER,,"September"
OCTOBER,,"Október"
NOVEMBER,,"November"
DECEMBER,,"December"
CANCEL,,"Zrušiť"
DELAY,,"Opozdenie"
RECEIVER_TYPE,,"Typ prijímača"
BACK,,"Späť"
INTERNAL,,"Interný"
EXTERNAL,,"Externý"
RF_PROTOCOL,,"RF protokol"
EXTERNAL_RF,,"Externý RF"
LOGIC_SWITCH_RANGE,,"Rozsah logického prepínača"
PLAY_SEQUENCE,,"Prehrať sekvenciu"
WAIT_DURATION,,"Doba čakania"
WAIT_CONDITION,,"Podmienka čakania"
CONFIRM_DELETE_LINE,,"Potvrďte odstránenie riadku"
ADD_A_NEW_LINE_IN_SEQUENCE,,"Pridanie nového riadku do sekvencie"
PLAY_TEXT,,"Prehrať text"
GO_TO_SCREEN,,"Choď na obrazovku"
LOCK_TOUCHSCREEN,,"Zámok dotyku"
BLANK,,"Prázdny"
CALIBRATE,,"Kalibrovať"
CLICK_CALIBRATE_TO_START,,"Stlačte Kalibrovať pre štart"
CENTER_STICKS_POTS_SLIDERS_AND_CLICK_NEXT,,"Vycentrujte páky/pot/ťahové ovl. potom stlačte Ďaľšie"
MOVE_STICKS_POTS_SLIDERS_AND_CLICK_NEXT,,"Hýbte pákami/pot/ťahovými ovl. do max potom stlačte Ďaľšie"
CALIBRATION_COMPLETE_CLICK_CONFIRM_TO_STORE,,"Kalibrácia je kompletná stalčte Potvrdiť pre uloženie do rádia"
BACKLIGHT,,"Podsvietenie"
DARK_MODE,,"Tmavý režim"
HIGHLIGHT_COLOR,,"Farba zvýraznenia"
MODEL_NAME,,"Názov"
NO_AIRBRAKES,,"Bez aerodynamických bŕzd"
SWR,,"SWR"
CURRENT,,"Prúd"
VFAS,,"VFAS"
TEMPERATURE_2,,"Teplota 2"
TEMPERATURE_1,,"Teplota 1"
FUEL,,"Palivo"
ACCX,,"AccX"
ACCY,,"AccY"
ACCZ,,"AccZ"
GPS_ALT,,"GPS Výška"
GPS_SPEED,,"GPS Rýchlosť"
GPS_COURSE,,"GPS Smer"
AIR_SPEED,,"Vzdušná rýchlosť"
BATTERY_1_VOLTAGE,,"Napätie Bat1"
BATTERY_1_CURRENT,,"Prúd Bat1"
BATTERY_2_VOLTAGE,,"Napätie Bat2"
BATTERY_2_CURRENT,,"Prúd Bat2"
RBOX_STATE_1,,"RBOX Status 1"
RBOX_STATE_2,,"RBOX Status 2"
BATTERY_1_CONSUMPTION,,"Spotreba Bat1"
BATTERY_2_CONSUMPTION,,"Spotreba Bat2"
BATTERY_1_TEMPERATURE,,"Teplota Bat1"
BATTERY_2_TEMPERATURE,,"Teplota Bat2"
SD1_CHANNEL,,"SD1 Kanál"
ESC_VOLTAGE,,"Napätie ESC"
ESC_CURRENT,,"Prúd ESC"
ESC_RPM,,"Otáčky ESC"
ESC_CONSUMPTION,,"Spotreba ESC"
ESC_TEMPERATURE,,"Teplota ESC"
RB_OUTPUT_STATE,,"Stav výstupu"
RB_CH1_A,,"Prúd CH1"
RB_CH2_A,,"Prúd CH2"
RB_CH3_A,,"Prúd CH3"
RB_CH4_A,,"Prúd CH4"
RB_CH5_A,,"Prúd CH5"
RB_CH6_A,,"Prúd CH6"
RB_CH7_A,,"Prúd CH7"
RB_CH8_A,,"Prúd CH8"
RB_CH9_A,,"Prúd CH9"
RB_OUTPUT_1_VOLTAGE,,"Napätie Výstup 1"
RB_OUTPUT_2_VOLTAGE,,"Napätie Výstup 2"
GASSUIT_TEMP1,,"Plyn Teplota 1"
GASSUIT_TEMP2,,"Plyn Teplota 2"
GASSUIT_SPEED,,"Plyn RPM"
GASSUIT_RES_VOL,,"Plyn rozl. Vol."
GASSUIT_RES_PERC,,"Plyn rozl. %"
GASSUIT_FLOW,,"Plyn prietok"
GASSUIT_MAX_FLOW,,"Plyn max prietok"
GASSUIT_AVG_FLOW,,"Plyn priem prietok"
BEC_VOLTAGE,,"Napätie BEC"
BEC_CURRENT,,"Prúd BEC"
POWER_900M,,"Výkon 900M"
OK,,"OK"
FLAP,,"Klapka"
AIRBRAKE,,"Aerodynamická brzda"
FILE,,"Súbor"
FLASH_SPORT,,"Aktualizácia S.port"
PLAY_VALUE,,"Prehrávanie hodnota"
CATEGORY,,"Kategória"
MEMBER,,"Položka"
ANALOGS,,"Analógy"
SWITCHES_POSITIONS,,"Pozície prepínačov"
TRIMS_POSITIONS,,"Pozície trimov"
CONST_VALUE,,"Hodnota konštanty"
SLIDER_LEFT,,"Ľavý ťah. ovl."
SLIDER_RIGHT,,"Pravý ťah. ovl."
TRIM_T1_LEFT,,"Trim pravý horiz. vľavo"
TRIM_T1_RIGHT,,"Trim pravý horiz. vpravo"
TRIM_T2_UP,,"Trim pravý vert. hore"
TRIM_T2_DOWN,,"Trim pravý vert. dole"
TRIM_T3_UP,,"Trim ľavý vert. hore"
TRIM_T3_DOWN,,"Trim ľavý vert. dole"
TRIM_T4_LEFT,,"Trim ľavý horiz. vľavo"
TRIM_T4_RIGHT,,"Trim ľavý hori. vpravo"
TRIM_T5_LEFT,,"Trim T5 vľavo"
TRIM_T5_RIGHT,,"Trim T5 vpravo"
TRIM_T6_LEFT,,"Trim T6 vľavo"
TRIM_T6_RIGHT,,"Trim T6 vpravo"
TRIM_T5_DOWN,,"Trim T5 dole"
TRIM_T5_UP,,"Trim T5 hore"
TRIM_T6_DOWN,,"Trim T6 dole"
TRIM_T6_UP,,"Trim T6 hore"
DIFFERENTIAL,,"Diferenciál"
SLOW,,"Pomaly"
MULTIPLY,,"Násobič"
WEIGHT_UP,,"Váha hore"
WEIGHT_DOWN,,"Váha dole"
OUTPUT,,"Výstup"
CLOSE,,"Zavrieť"
FLASHING,,"Zápis..."
RESET_DEVICE,,"Reset zariadenia..."
LOW_BATTERY,,"Nízky stav batérie rádia!"
VOLTAGE_CALIBRATION,,"Kalibrácia napätia"
STARTING_MODEL_WIZARD,,"Spúšťanie sprievodcu modelu..."
RADIO_DATA_LOAD,,"Dáta rádia nahrané"
DEFAULT_SYSTEM_SETTINGS_RESTORED,,"Obnovenie továrenského nastavenia systému."
FLIGHT_MODE_SHORT,,"Krátky letový režim"
DRIVE_MODE_SHORT,,"DM"
PREFLIGHT_WARNING,,"Predletová výstraha"
NEW_MODEL,,"Nový model"
STARTING_CALIBRATION,,"Spúšťam kalibráciu..."
NO_SD_CARD_WARNING,,"Varovanie žiadna SD karta"
ADD_CURVE_ERROR,,"Pridanie krivky zlyhalo!"
STEP,,"Krok"
AILERON,,"Krídelko"
ELEVON,,"Výškovka"
SPACE_WITH_CHANNEL,,"Kanál"
QUESTION_SWAP_SSS_AND_SSS_CHANNELS_SETTINGS,,"Chcete zameniť nastavenia kanálov %s a %s?"
INPUT,,"Vstup"
ELE_TO_AIL,,"Výškovka → Krídelka"
THR_CURVE,,"Krivka plynu"
PITCH_CURVE,,"Krivka klopenia"
THROTTLE_CUT,,"Zhasnutie motora"
AIL_TO_RUD,,"Krídelka → smerovka"
ELE_TO_CAMBER,,"Výškovka → Camber"
RUD_TO_AIL,,"Smerovka → Krídelká"
RUD_TO_ELE,,"Smerovka → Výškovka"
AIL_TO_FLAPS,,"Krídelká → Klapky"
FLAPS_TO_ELE,,"Klapky → Výškovka"
FREE_MIX,,"Voľný mix"
SNAP_ROLL,,"Výkrut"
TEST_MIX,,"Testovací mix"
DELAY_UP,,"Oneskorenie hore"
DELAY_MID,,"Oneskorenie stred"
DELAY_DOWN,,"Oneskorenie dole"
NO_DELAY,,"Žiadne oneskorenie"
V_TAIL,,"Motýlik"
DATA_REFUSED,,"Dáta zamietnuté"
DEVICE_NOT_RESPONDING,,"Zariadenie neodpovedá"
NO_OUTPUT,,"Žiadny výstup"
WEIGHT_RATES,,"Váha / Pomer"
OTHERWISE,,"Inak"
AUTO,,"Auto"
TRIM_STEP_FINE,,"Trim krok jemný"
TRIM_STEP_COARSE,,"Trim krok hrubý"
TRIM_STEP_EXPONENTIAL,,"Trim krok exponenciálny"
TRIM_STEP_EXTRA_FINE,,"Trim krok extra jemný"
TRIM_STEP_MEDIUM,,"Trim krok stredný"
TRIM_STEP_CUSTOM,,"Vlastný"
SCREENSHOT,,"Obrazovka"
SILENT,,"Tichý"
ALARMS_ONLY,,"Len alarmy"
OFTEN,,"Často"
ALWAYS,,"Vždy"
NEVER,,"Nikdy"
WHEN_TELEMETRY_STREAMING,,"Pri streamovaní telemetrie"
VOICE1,,"Hlas 1 (Hlavný)"
VOICE2,,"Hlas 2"
VOICE3,,"Hlas 3"
NEGATIVE,,"Negatívne"
POSITIVE,,"Pozitívne"
THROTTLE_HOLD,,"Držanie plynu"
TRIGGER_VALUE,,"Hraničná hodnota"
IDLE_OUTPUT_VALUE,,"Hodnota voľnobehu"
LOW_POSITION_TRIM,,"Trim nízkeho plynu"
AND,,"A"
OR,,"Alebo"
XOR,,"XOR"
SENSORS,,"Senzory"
RECEIVERS,,"Prijímače"
SERVOS,,"Servá"
FLIGHT_SAFETY,,"Bezpečnosť"
VARIOMETER,,"Výškomer"
ALARMS,,"Alarmy"
SENSOR,,"Senzor"
RX_BATT,,"Rx batéria"
RX_CURRENT,,"Rx prúd"
ALTITUDE,,"Výška"
VSPEED,,"Vertikálna rýchlosť"
SELECT_LANGUAGE,,"Výber jazyka"
ONCE,,"Raz"
FLIGHT_DATA,,"Letové údaje"
ALL_TIMERS,,"Všetky stopky"
WHOLE_TELEMETRY,,"Celá telemetria"
REPEAT,,"Opakovať"
WAV_FILE,,"Súbor wav"
BUTTERFLY,,"Motýlik"
CAMBER,,"Camber"
PITCH_TO_RUD,,"Klopenie → Smerovka"
MISSING_BASIC_MIX,,"Chýba základný mix"
MISSING_ENOUGH_CHANNEL,,"Nie je dostatok kanálov k dispozícii"
NOT_SUITABLE_FOR_THIS_MODEL,,"Tento mix nie je vhodný pre Váš model"
THR_TO_ELE,,"Plyn → Výškovka"
THR_TO_RUD,,"Plyn → Smerovka"
TEMPERATURE,,"Teplota"
DATA_RATE,,"Rýchlosť prenosu dát"
GPS,,"GPS"
GAS_SUITE,,"Nastavenie plynu"
FLOW_RESET,,"Reset prietoku"
CDI_OFF_SPEED_LIMIT,,"Limit rýchlosti pre vypnutie CDI"
FLOW_PULSE,,"Pulz prietoku"
AUTO_RESET,,"Auto reset"
RESET_RESIDUAL_VOLUME,,"Reset zbytkového objemu"
RESET_MAX_FLOW,,"Reset maximálneho prietoku"
RESET_AVERAGE_FLOW,,"Reset priemerného prietoku"
VOLUME_ALARM,,"Alarm objemu"
MAX_FLOW_ALARM,,"Alarm maximálneho prietoku"
OVER_SPEED_ALARM,,"Alarm vysokej rýchlosti"
FLOW_TRIGGER,,"Spúšť prietoku"
FACTORY_SETTING,,"Továrenské nastavenie"
OVER_TEMP1_ALARM,,"Alarm vysokej teploty 1"
OVER_TEMP2_ALARM,,"Alarm vysokej teploty 2"
TEMPERATURE_UNIT,,"Jednotka teploty"
AUTO_SAVE,,"Auto ukladanie"
GPS_POSITION_DATA_RATE,,"Rýchlosť dát pozice GPS"
GPS_ALTITUDE_DATA_RATE,,"Rýchlosť dát výšky GPS"
GPS_SPEED_DATA_RATE,,"Rýchlosť dát rýchlosti GPS"
GPS_COURSE_DATA_RATE,,"Rýchlosť dát kurzu GPS"
GPS_TIME_DATA_RATE,,"Rýchlosť dát času GPS"
EW,,"EW"
NS,,"NS"
DEFAULT_FLIGHT_MODE,,"Východzí letový režim"
DEFAULT_DRIVE_MODE,,"Default drive mode"
SKIP_ON_STARTUP,,"Preskočiť pri štarte"
LOW_VALUE_WARNING,,"Alarm nízke hodnoty"
CRITICAL_VALUE,,"Alarm kritické hodnoty"
UPGRADE_MODULE,,"Aktualizácia modulu"
AUTHENTICATION_FAILURE,,"Autentifikácia zlyhala"
MODULE_NEEDS_UPGRADE,,"Modul potrebuje aktualizáciu"
CLEAR,,"Vymazať"
MIX_SWITCH_DESCRIPTION,,"Zvoľte prepínač k aktivácii/deaktivácii mixu"
MIX_WEIGHT_DESCRIPTION,,"Násobič v % je aplikovaný na zdroj k určeniu výstupnej hodnoty mixu"
MIX_CURVE_DESCRIPTION,,"Zvoľte krivku pre mix"
MIX_DIFFERENTIAL_DESCRIPTION,,"Vyberte veľkosť rozdielového pohybu pre kanály"
MIX_OUTPUT_DESCRIPTION,,"Vyberte kanál ktorý má byť týmto mixom ovplyvnený"
MIX_INPUT_DESCRIPTION,,"Vyberte zdroj ovládania tohto mixu"
MIX_OPERATION_DESCRIPTION,,"Vyberte typ funkcie tohto mixu: Pridať Násobiť alebo Vymeniť"
MIX_REVERSE_DESCRIPTION,,"Otočiť smer ovládania"
MIX_OFFSET_DESCRIPTION,,"Vyberte veľkosť offsetu od stredu"
MIX_WEIGHTUP_DESCRIPTION,,"Vyberte rozsah pohybu hore"
MIX_WEIGHTDOWN_DESCRIPTION,,"Vyberte rozsah pohybu dole"
MIX_SPEEDUP_DESCRIPTION,,"Vyberte hodnotu zrýchlenia"
MIX_SPEEDDOWN_DESCRIPTION,,"Vyberte hodnotu spomalenia"
MIX_LOWPOSTRIM_DESCRIPTION,,"Trimovanie nízkeho rozsahu plynu"
HELI_PITCH,,"Kolektív"
HELI_GYRO,,"Gyro"
MISSING_THROTTLE,,"Váš model nemá žiadny plyn"
SIX_POSITIONS_SWITCH,,"6-POS prepínač"
GYRO_X_AXIS,,"Gyro os X"
GYRO_Y_AXIS,,"Gyro os Y"
GYRO_LEFT,,"Gyro vľavo"
GYRO_RIGHT,,"Gyro vpravo"
GYRO_UP,,"Gyro hore "
GYRO_DOWN,,"Gyro dole"
AILERON_LETTER,,"K"
RUDDER_LETTER,,"S"
ELEVATOR_LETTER,,"V"
THROTTLE_LETTER,,"P"
NOT,,"Nie"
STICKY,,"Páky"
EDGE,,"Hrana"
MIDDLE,,"Stred"
NO_CHECK,,"Bez kontroly"
CUSTOM,,"Vlastný"
HOLD,,"Držať"
NO_PULSES,,"Bez pulzov"
NOT_SET,,"Nenastavené"
NO_ENGINE,,"Bez motoru"
NO_FLAPS,,"Bez klapiek"
NO_RUDDERS,,"Bez smerovky"
NO_ELEVATORS,,"Bez výškovky"
NO_AILERONS,,"Bez krídelok"
CHANNELS_1,,"1 kanál"
CHANNELS_2,,"2 kanály"
CHANNELS_3,,"3 kanály"
CHANNELS_4,,"4 kanály"
BEEP,,"Beep"
IN_RANGE,,"V dosahu"
REPLACE,,"Nahradiť"
USE_A_SOURCE,,"Použiť zdroj"
CONVERT_TO_VALUE,,"Zmeniť na hodnotu"
SPECIAL,,"Špeciál"
MAXIMUM,,"Maximum"
MINIMUM,,"Minimum"
MOMENTARY,,"Momentový"
TWO_POS,,"2-Poz"
THREE_POS,,"3-Poz"
GYRO_CALIBRATION_PLACE_LEVEL,,"Položte rádio na roviny a po dokončení kliknite na Ďaľšie"
GYRO_CALIBRATION_LEFT,,"Naklonte rádio do ĽAVA a po dokončení kliknite na Ďaľšie"
GYRO_CALIBRATION_RIGHT,,"Naklonte rádio do PRAVA a po dokončení kliknite na Ďaľšie"
GYRO_CALIBRATION_NOSE_UP,,"Naklonte rádio HORE a po dokončení kliknite na Ďaľšie"
GYRO_CALIBRATION_NOSE_DOWN,,"Naklonte rádio DOLE a po dokončení kliknite na Ďaľšie"
DEFAULT,,"Východzia"
STRENGTH,,"Sila"
AM,,"AM"
PM,,"PM"
PLAY_VARIO,,"Spustiť vario"
RF_ALWAYS_OFF,,"Režim RF bude trvalo vypnutý."
STAB_FUNC,,"Funkcie stabilizácie"
RX_PROTOCOL,,"RX protokol"
NO_MAP,,"Bez mapovania"
DIRECTION,,"Smer"
CLOCKWISE,,"Dopredu"
ANTICLOCKWISE,,"Proti smeru HR"
PWM_PULSE_TYPE,,"Typ PWM pulzu"
BASIC_CONFIG,,"Základná konfigurácia"
RX1_MAP,,"RX1 Map"
RX2_MAP,,"RX2 Map"
RX3_MAP,,"RX3 Map"
ALL_FREQUENCY,,"Všetky frekvencie"
STICKS_NAME,,"Názvy pák"
CHANNELS_COUNT,,"Počet kanálov"
OUTPUTS_COUNT,,"Outputs count"
EXT,,"Externý"
INT,,"Interný"
PLACE_RECEIVER_LEVEL,,"Položte prijímač na rovinu."
PLACE_RECEIVER_LEVEL_REVERSE,,"Položte prijímač na rovinu vrchom."
PLACE_RECEIVER_LEFT,,"Položte prijímač na ľavú stranu."
PLACE_RECEIVER_RIGHT,,"Položte prijímač na pravú stranu."
PLACE_RECEIVER_FORWARD,,"Položte prijímač na prednú stranu."
PLACE_RECEIVER_BACKWARD,,"Položte prijímač na zadnú stranu."
ADD_A_NEW_WEIGHT,,"Pridať váhu"
ADD_A_NEW_CONDITION,,"+ Pridať novú podmienku"
ADD_A_NEW_CURVE,,"Pridať krivku"
AUDIO,,"Zvuk"
VOICE,,"Hlas"
PRIORITY,,"Priority"
VAR,,"Var"
VOLUME,,"Hlasitosť"
SAVE_TO_FLASH,,"Uložiť do pamäte"
SAVE_TO_FLASH_MESSAGE,,"Všetky nastavenia boli uložené do pamäte!"
TIMER_GENERATOR,,"Generátor časovača"
CONFIRM_CLEAR_CHANNEL_DDD_NAME,,"Kanál %d nie je použitý v žiadnom mixe.\nChcete vymazať názov?"
EDIT_SSS,,"Upraviť %s"
RESET_SSS,,"%s Reset"
OPTIONS_3DOTS,,"Možnosti..."
QUESTION_COPY_CHANNEL_NAME,,"Kánal nemá názov.Chcete skopírovať názov mixu do kanálu?"
FLY_BAR_LESS,,"Fly bar less"
WING_RUD_ELE_AIL,,"Klasické lietadlo"
WING_FLYING,,"Delta krídlo"
WING_VTAIL_AIL,,"Letadlo VTail"
LEVEL,,"Horizontálne"
LEVEL_REVERSED,,"Horizontálne vrch"
UPRIGHT,,"Vertikálne"
UPRIGHT_REVERSED,,"Vertikálne vrch"
WING_TYPE,,"Typ krídla"
MOUNTING_TYPE,,"Zpôsob inštalácie"
SXR_ENABLE,,"Zapnutie stabilizácie"
AIL_INVERTED,,"Invertované krídelko"
AIL2_INVERTED,,"Invertované krídelko 2"
ELE_INVERTED,,"Invertovaná výškovka"
ELE2_INVERTED,,"Invertovaná výškovka 2"
RUD_INVERTED,,"Invertovaný smer"
AUX1_ENABLE,,"Zapnutie AUX1"
AUX2_ENABLE,,"Zapnutie AUX2"
QUICK_MODE,,"Rýchly mód"
SELF_CHECK,,"Vlastná kontrola"
STAB_GAIN_OF_AIL,,"Zisk stabilizácie krídelok"
STAB_GAIN_OF_ELE,,"Zisk stabilizácie výškovky"
STAB_GAIN_OF_RUD,,"Zisk stabilizácie smerovky"
AUTO_LEVEL_GAIN_OF_AIL,,"Zisk krídelok → stabilizácia"
AUTO_LEVEL_GAIN_OF_ELE,,"Zisk výškovky → stabilizácia"
HOVER_GAIN_OF_ELE,,"Zisk výškovky → vysenie "
HOVER_GAIN_OF_RUD,,"Zisk smerovky → vysenie "
KNIFE_EDGE_GAIN_OF_AIL,,"Zisk krídelok → nožový let "
KNIFE_EDGE_GAIN_OF_RUD,,"Zisk smerovky → nožový let "
AUTO_LEVEL_OFFSET_OF_AIL,,"Offset automatického náklonu krídelok → stabilizácia"
AUTO_LEVEL_OFFSET_OF_ELE,,"Offset automatického náklonu výškovky → stabilizácia"
HOVER_OFFSET_ANGLE_OF_ELE,,"Offset automatického náklonu výškovky → vysenie "
HOVER_OFFSET_ANGLE_OF_RUD,,"Offset automatického náklonu smerovky → vysenie "
KNIFE_EDGE_OFFSET_OF_AIL,,"Offset automatického náklonu krídelok → nožový let "
KNIFE_EDGE_OFFSET_OF_RUD,,"Offset automatického náklonu smerovky → nožový let "
OUTPUT_VOLTAGE,,"Výstupné napätie"
LIPO_VOLTAGE,,"Napätie Lipo"
RB_10_20,,"RB 10/20"
ALTITUDE_DATA_RATE,,"Obnovovacia frekv. výšky"
VARIO_DATA_RATE,,"Obnovovacia frekv. Variometra"
CURRENT_DATA_RATE,,"Obnovovacia frekv. prúdu"
VOLTAGE_DATA_RATE,,"Obnonovcia frekv. napätia"
RPM,,"RPM"
POLES_COUNT,,"Počet pólov"
NEED_FIRMWARE_UPDATE,,"Nutnosť aktualizácie firmwéru"
SYSTEM_VALUE,,"Systémová hodnota"
GPS_CLOCK,,"Dátum Čas GPS"
RACING_MODE_ACTIVE,,"Aktivovaný závodný mód."
RACING_MODE_IS_UNSUPPORTED,,"Závodný mód nie je  podporovaný."
POTS_SLIDERS,,"Pot / Ťahové ovl."
STICKS_POTS_SLIDERS,,"Páky / Pot / Ťahové ovl."
WRITE_INTERVAL,,"Interval zápisu"
TX_BATT,,"TxBatt"
AVERAGE,,"Priemer"
TOTALIZE,,"Súhrn"
CELL,,"Článok"
CONSUMPTION,,"Spotreba"
DISTANCE,,"Vzdialenosť"
FALLING_EDGE_OF_SSS_BETWEEN_SSS_AND_SSS,,"↑↓Pulz %s medzi %s a %s"
RISING_EDGE_OF_SSS_DURING_SSS,,"↑Stúpanie hrany %s počas %s"
FALLING_EDGE_OF_SSS_DURING_SSS,,"↓Klesanie hrany %s počas %s"
FALLING_EDGE_OF_SSS,,"↓Klesanie hrany %s"
RISING_EDGE_OF_SSS,,"↑Stúpanie hrany %s"
STALL,,"Stall"
EDITABLE_SRV_DDD_CURR,,"SRV%d Prúd"
EDITABLE_SRV_DDD_VOLT,,"SRV%d Volt"
EDITABLE_SRV_DDD_TEMP,,"SRV%d Teplota"
CONDITION,,"Podmienka"
TIMER_LOGS,,"Záznamy časovača"
SAVE_TO_SD,,"Uložiť na SD"
CLEAR_LOGS,,"Vymazať záznamy"
TITLE,,"Názov"
LOWEST,,"Najnižší"
COUNT,,"Počet"
HIGHEST,,"Najvyšší"
BLADES,,"Listy"
MAINGEAR_TEETH,,"Zuby hlavného kolesa"
PINION_TEETH,,"Zuby pastorku"
GEAR,,"Prevodový pomer"
PROPELLER,,"Vrtuľa"
FLIGHT_VALUE,,"Letová hodnota"
CURRENT_FLIGHT_MODE,,"Aktuálna letová hodnota"
NO_DESTINATION,,"Bez cieľa"
ENT_LONG,,"ENT dlho"
RX_STILL_ON_TURN_OFF_TRANSMITTER,,"Prijímač je stále zapnutý vypnúť rádio?"
CONFIRM_RESET_SENSOR,,"Hodnota tohto senzoru bude resetovaná.Chcete pokračovať?"
LATITUDE,,"Zemepisná šírka"
LONGITUDE,,"Zemepisná dĺžka"
GPS_MAP,,"GPS Mapa"
MAP,,"Mapa"
INTERNAL_GPS,,"Interné GPS"
RAM_AVAILABLE,,"RAM available"
CLOCK,,"Hodiny"
TRIP,,"Cesta"
SYSTEM_EVENT,,"Systémová udalosť"
RSSI_LOW,,"Nízke RSSI"
TRAINER_ACTIVE,,"Trenér aktívny"
MULTIPLIER,,"Násobič"
VERTICAL,,"Vertikálny"
HORIZONTAL,,"Horizontálny"
TOTAL,,"Celkom"
CELLS,,"Články"
MULTI_LIPO,,"Multi LiPo"
LIPO,,"LiPo"
LINE_CHART,,"Čiarový graf"
LOG_PERIOD,,"Rýchlosť logovania"
RESUME,,"Obnoviť"
PAUSE,,"Pauza"
AUTO_RANGE,,"Automatický rozsah"
LOCK,,"Zámok"
Xx2POS,,"{HARDWARE_FUNCTION_SWITCHES} x 2-Poz"
XPOS_WITH_OFF,,"{HARDWARE_FUNCTION_SWITCHES}-Poz s vyp"
XPOS,,"{HARDWARE_FUNCTION_SWITCHES}-Poz"
2xXPOS,,"2 x {HARDWARE_FUNCTION_SWITCHES_PER_SIDE}-Poz"
GLOBAL,,"Globálny"
_2DOTS,,": "
SUMMARY,,"Sumár"
CONFIRM_STOP_USING_CURVE,,"Potvrďte ukončenie používania krivky"
CONFIRM_STOP_USING_RATE,,"Potvrďte ukončenie používania rozsahu"
PATTERN,,"Pole"
ROLL_ANGLE,,"Uhol otáčania"
PITCH_ANGLE,,"Uhol sklonu"
HYDRAULIC_PRESSURE,,"Hydraulický tlak"
IGNORE_TRAINER_INPUT,,"Nie je ovládané žiakom"
FULL_RANGE,,"Plný rozsah"
IGNORE_RANGE,,"Ignorovať rozsah"
HALF_RANGE,,"Polovičný rozsah"
LAST_POSITION,,"Posledná pozícia"
SLEEP_BRIGHTNESS,,"Jas počas spánku"
TOP_LCD_SLEEP,,"Spánok hornej obrazovky"
VIEW_PER_CHANNEL,,"Zobrazenie po kanáloch"
VIEW_TABLE,,"Tabuľkové zobrazenie"
GENERAL,,"Hlavné"
RX_STILL_ON_TURN_OFF_RF,,"Prijímač je stále pripojený. Chcete pokračovať?"
LOAD_ALL_FUNCTION_SWITCH_POSITIONS,,"Načítať polohy všetkých funkčných prepínačov"
CONFIRM_LOAD_ALL_FUNCTION_SWITCH_POSITIONS,,"Táto operácia prepíše pozície všetkých prepínačov na aktuálne. Chcete pokračovať?"
STORAGE_LOCATION,,"Umiestnenie úložiska"
RADIO,,"Rádio"
MODELS,,"Modely"
USER_BITMAPS,,"Užívateľské bitmapy"
SCRIPTS,,"Skripty"
LOGS,,"Záznamy"
SCREENSHOTS,,"Obrazovky"
PRESSURE,,"Tlak"
COLOR,,"Farba"
CONFIRM_CLEAR_CHANNELS_SSS_NAME,,"Nie sú žiadne mixy používajúce kanály %s. Chcete zmazať názvy týchto kanálov?"
CHANNEL_SBUS_VALUE_LIMIT_WARNING,,"Nová hodnota kanálov nie je kompatibilná s použitím SBUS/redundancy. Chcete pokračovať?"
VOLTAGE,,"Napätie"
SAVE_TO_FILE,,"Uložiť do súboru"
FLASH_VIDEO_COMPONENT,,"Zápis video komponentu"
RX_BAT_VOLTAGE,,"Napätie batérie RX"
RX_BAT_2_VOLTAGE,,"Napätie batérie RX 2"
EXT_ADC_VOLTAGE,,"Externé napätie ADC"
BOARD_CURRENT,,"Prúd dosky"
POWER_ON_RESET,,"Reset pri zapnutí"
PIN_RESET,,"Reset pinu"
WAKE_UP_RESET,,"Reset pri prebudení"
WATCHDOG_RESET,,"Watchdog Reset"
LOCKUP_RESET,,"Lockup Reset"
BROWN_DOWN_DET_RESET,,"Zistený reset zlyhanie napájania"
RX_RESET_CASE,,"Kedy resetovať RX"
OPERATION_ASSIGN,,"Priradiť (=)"
OPERATION_ADD,,"Pridať (+)"
OPERATION_SUBTRACT,,"Odobrať (-)"
OPERATION_MULTIPLY,,"Násobiť (*)"
OPERATION_DIVIDE,,"Deliť (/)"
SQRT,,"Odmocnina"
REPURPOSE,,"Znovu použiť trim"
SENSOR_CONFLICT_WARNING,,"Konflikt senzorov"
NIGHTLY_BUILD_NOT_FOR_FLYING,,"Neoficiálna verzia nevhodné k letu!"
READING_FILE,,"Čítam súbor ..."
NOT_ENOUGH_MEMORY,,"Nedostatok pamäte"
CLEAN_LOGS,,"Odstrániť záznamy"
CONFIRM_CLEAN_LOGS,,"Potvrďte odstránenie záznamov."
CLEANING_LOGS,,"Odstraňujem záznamy ..."
PAUSE_CONDITION,,"Pauza"
RESET_SETTINGS,,"Reset nastavení"
SWAP_CHANNELS,,"Zámena kanálov"
CONFIRM_RESET_SETTINGS,,"Potvrďte reset nastavení. Chcete pokračovať?"
COMPETITION_OPTION,,"Pretek (len RSSI a Batéria)"
CONFIRM_BLUETOOTH_USED_BY_SSS,,"Bluetooth teraz používa %s. Bude zastavené. Chcete pokračovať?"
BOTH_MODULES,,"Obidve moduly"
SPORT_CONNECTOR,,"S.Port konektor"
CONFIRM_SPORT_USED_BY_SSS,,"S.Port konektor práve používa %s. Chcete pokračovať?"
TRAINER_CABLE,,"Kábel učiteľ/žiak"
BLUETOOTH,,"Bluetooth"
ACTIVELOOK_GLASSES,,"Okuliare aktívne"
GLASSES,,"Okuliare"
LUA_TASKS,,"LUA úlohy"
LUA_SOURCES,,"LUA zdroje"
MISSING_SCRIPT_FILE,,"Chýba súbor skriptu"
BITMAP,,"Bitmapa"
BITMAP_TYPE,,"Typ bitmapy"
BITMAP_FILE,,"Súbor bitmapy"
FILE_PATH,,"Cesta k súboru"
TEXT,,"Text"
DOCUMENTS,,"Dokumenty"
USB_MODE_PRESELECTION,,"Predvoľba USB módu"
USB_MODE,,"USB mód"
JOYSTICK,,"Joystick"
SERIAL,,"Sériový"
SELECT_MODEL_AT_POWER_ON,,"Vybrať model po zapnutí"
LOAD_MODEL,,"Nahrať model"
TELEMETRY_ACTIVE,,"Telemetria aktívna"
FLIGHT_RESET,,"Reset letu"
TRIP_RESET,,"Reset jazdy"
THROTTLE_ACTIVE,,"Plyn aktívny"
COUNTING_SOURCE,,"Zdroj proporcionálního odpočtu"
SEND_FILE,,"Poslať súbor"
FILE_TRANSFER,,"Prenos súboru"
RECEIVE_FILE,,"Prijať súbor tu"
WAITING_FOR_CONNECTION,,"Čakám na spojenie"
CONNECTION_REFUSED,,"Spojenie prerušené"
WAITING_FOR_RECEIVER_CONFIRMATION,,"Čakám na potvrdenie príjimača..."
FILE_TRANSFER_FAILED,,"Prenos súboru zlyhal"
CONFIRM_RECEIVE_FILE_SSS_IN_FOLDER_SSS_SIZE_IS_SSS,,"Potvrďte prijatie súboru %s do adresára %s\nVeľkost súboru je %s"
CONFIRM_OVERWRITE_FILE_SSS_IN_FOLDER_SSS_SIZE_IS_SSS,,"Potvrďte prepísanie súboru %s v adresári %s\nVeľkost súboru je %s"
SENDING_SSS,,"Posielam %s..."
RECEIVING_SSS,,"Prijímam %s..."
SEND_MODEL,,"Poslať model"
RECEIVE_MODEL,,"Prijať model"
ARE_YOU_USING_A_FRSKY_SELF_STAB_RECEIVER,,"Používate stabilizačný prijímač od FrSky?"
EMERGENCY,,"Varovanie"
GAIN_ADJUST,,"Úprava zisku"
UNIT_MILLILITER_PER_PULSE,,"ml/p"
UNIT_RPM,,"r/m"
ASSIGN_INPUT_HINT,,"Priraďte prosím vstupné zdroje pre nasledujúce funkcie"
CONFIRMATION,,"Potvrdenie"
ENABLE_XXX,,"Zapnúť %s?"
DISABLE_XXX,,"Vypnúť %s?"
CONFIRMATION_BEFORE_ACTIVE,,"Potvrdenie pred aktiváciou"
CONFIRMATION_BEFORE_INACTIVE,,"Potvrdenie pred deaktiváciou"
REMOTE_NFC,,"NFC"
SWITCH_CHANNEL,,"Prepnúť kanál"
WIRELESS,,"Bezdrátový"
TIMEOUT,,"Časový limit"
NO_ENABLED_MODULE,,"Povoľte modul ktorý chcete spárovať s NFC"
GET_MODULE_UUID_FAILED,,"Nepodarilo sa získať UUID modulu.Skontrolujte prosím stav modulu!"
BIND_NFC_FAILED,,"Nepodarilo sa spojiť NFC s modulom!"
PROTOCOL_NOT_SUPPORTED,,"Aktuálny protokol modulu nie je podporovaný!"
CONFIRM_DELETE_TRIM,,"Potvrďte zamazanie trimu"
LEFT_STICK,,"Ľavá páka"
RIGHT_STICK,,"Pravá páka"
ALL_MOTORS,,"Všetky motory"
SELECT,,"Vybrať"
SINGLE_MOTOR,,"Jeden motor"
STICK_MOTORS,,"Zlúčiť motory"
CONFIRM_DELETE_ACTION,,"Potvrdťe zmazanie akcie"
CONFIRM_DELETE_SCREEN,,"Potvrďte zmazanie obrazovky"
CONFIRM_DELETE_SENSOR,,"Potvrďte zmazanie senzora"
FILE_ALREADY_EXISTS,,"Súbor s rovnakým názvom už existuje"
MODEL_RUNTIME,,"Doba prevádzky modelu"
RADIO_RUNTIME,,"Doba prevádzky rádia"
WAITING_FOR_SIGNAL,,"Čakám na signál..."
CONFIRM_RESET_RUNTIME,,"Runtime bude resetovaný.Chcete pokračovať?"
BANK,,"Banka"
POWER_SWITCH,,"Hlavný vypínač"
CURRENT_AND_VOLTAGE_RATE,,"Prúd a napätie rate"
BEC_VOLTAGE_RATE,,"BEC napätia rate"
SBEC_VOLTAGE,,"SBEC napätie"
BATTERY_MODE,,"Mód batérie"
SWITCH_VOLTAGE,,"Prepnutie napätia"
BALANCE,,"Vyváženie"
BACKUP,,"Záloha"
BALANCE_CHANNELS,,"Výváženie kanálov"
CHOOSE_CHANNELS,,"Voľba kanálov"
BALANCE_CURVE,,"Krivka vyváženia"
CONFIRM_TO_SHARE_RECEIVER,,"Chcete zdieľať tento prijímač?"
CONFIRM_TO_UNBIND_RECEIVER,,"Chcete zrušiť párovanie tohto prijímača?"
CONFIRM_FRSK_NOT_COMPATIBLE,,"Tento FRSK súbor nie je kompatibilný s týmto zariadením.Chcete pokračovať?"
RX_VFR,,"Rx VFR"
SMOKE_PUMP_VOLTAGE,,"Zadymovacia pumpa napätie"
SMOKE_PUMP_CURRENT,,"Zadymovacia pumpa prúd"
SMOKE_PUMP_TEMPERATURE,,"Zadymovacia pumpa teplota"
SMOKE_PUMP,,"Zadymovacia pumpa"
SOLENOID_VALVE,,"Elektromagnetický ventil"
BIND_CARD,,"Párovacia karta"
WAITING_FOR_NFC_CARD,,"Prosím držte NFC kartu v blízkosti zariadenia pre párovanie..."
BIND_CARD_SUCCESS,,"Párovanie NFC karty úspešné!"
BIND_CARD_FAIL,,"Párovanie NFC karty nebolo úspešné!"
BUS_INVERT,F.Bus and F.Port inverted on receiver (Yes / No),"Invertovaný BUS (áno/nie)"
SBEC_INPUT_VOLT,,"SBEC vstupné napätie."
OVER_CURRENT,,"Prúdové preťaženie"
READ_MAG_ERROR,,"Read mag error"
LOW_VOLTAGE,,"Nizke napätie"
UNKNOWN_ERROR,,"Neznáma chyba"
WORKING_MODE,,"Mód pracovný"
ANGLE_MODE,,"Mód uhla"
RANGE_MODE,,"Mód rozsahu"
ROTATE_MODE,,"Mód rotácie"
XACT_RANGE,,"Rozsah (Len pre mód rozsahu)"
XACT_MAX_ANGLE,,"Max uhol (Len pre mód uhla)"
POT_GAP,,"Pot gap"
EDITABLE_SRV_DDD_VELOCITY,,"SRV%d vel"
EDITABLE_SRV_DDD_STATE,,"SRV%d state"
EDITABLE_SRV_DDD_POS,,"SRV%d pos"
GEAR_CHANNEL,,"Kanál podvozku"
GEAR_OPERATING_VOLTAGE,,"Prevádzkové napätie podvozku"
DOOR_OPERATING_VOLTAGE,,"Prevádzkové napätie dverí"
REAR_DOOR_MODE,,"Mód zadných dverí"
NOSE_DOOR_MODE,,"Mód predných dverí"
LEFT_GEAR_STALL_CURRENT,,"Zádržný prúd ľavého podvozku"
RIGHT_GEAR_STALL_CURRENT,,"Zádržný prúd pravého podvozku"
NOSE_GEAR_STALL_CURRENT,,"Zádržný prúd predného podvozku"
LEFT_GEAR_INVERT,,"Ľavý podvozok invertovaný"
RIGHT_GEAR_INVERT,,"Pravý podvozok invertovaný"
NOSE_GEAR_INVERT,,"Predný podvozok invertovaný"
DOOR_SPEED,,"Rýchlosť dverí"
NOSE_DOOR_CLOSE_VALUE,,"Hodnota zavretých predných dverí"
NOSE_DOOR_OPEN_VALUE,,"Hodnota otvorených predných dverí"
RIGHT_DOOR_CLOSE_VALUE,,"Pravé dvere zatvorené - hodnota"
RIGHT_DOOR_OPEN_VALUE,,"Pravé dvere otvorené - hodnota"
LEFT_DOOR_CLOSE_VALUE,,"Ľavé dvere zatvorené - hodnota"
LEFT_DOOR_OPEN_VALUE,,"Ľavé dvere otvorené - hodnota"
DELAY_AFTER_DOOR_OPEN,,"Oneskorenie po otvorení dverí"
DELAY_BEFORE_DOOR_CLOSE,,"Oneskorenie pred zatvorením dverí"
DOORS_CALIBRATION,"None","Kalibrácia dverí"
DOORS_POSITIONS_RESET,"None","Doors positions reset"
RESET_DOORS_POSITIONS,,"Reset pozícií dverí"
BRAKE_CHANNEL,,"Kanál brzda"
BRAKE_OPERATING_VOLTAGE,,"Pracovné napätie brzdy"
RIGHT_BRAKE_FORCE,,"Sila pravej brzdy"
LEFT_BRAKE_FORCE,,"Sila ľavej brzdy"
BRAKE_VELOCITY_THRESHOLD,,"Prahová rýchlosť brzdenia"
GEAR_UP_BRAKE_FORCE,,"Zvýšenie brzdnej sily"
BRAKE_STABILIZER_WEIGHT,,"Váha stabilizátora brzdy"
STEERING_CHANNEL,,"Kanál riadenia"
STEERING_RANGE,,"Rozsah riadenia"
HEADING_HOLD,,"Držanie kurzu"
STABILIZED,,"Stabilizované"
STEERING_STABILIZER_MODE,,"Mód riadenia stabilizátora"
STEERING_STABILIZER_GAIN,,"Steering stabilizer gain"
STEERING_STABILIZER_DIRECTION,,"Smer stabilizátora riadenia"
STEERING_TRIM,,"Trim riadenia"
STALL_CURRENT,,"Zádržný prúd"
END_CALIBRATION,,"Koniec kalibrácie"
END_CALIBRATION_MESSAGE,,"Ukončuje sa kalibrácia, počkajte, kým sa dialógové okno nezatvorí..."
PGC_CALIBRATE_MESSAGE,,"Pre spustenie kalibrácie stlačte tlačidlo smeru kalibrácie. Stlačte tlačidlo Stop, keď to PGC indikuje stav v reálnom čase."
STOP,,"Stop"
NOSE_DOOR,,"Predné dvere"
LEFT_DOOR,,"Ľavé dvere"
RIGHT_DOOR,,"Pravé dvere"
CALIBRATE_CLOSE_POSITION,,"Kalibrácia zotvorenej pozície"
CALIBRATE_OPEN_POSITION,,"Kalibrácia otvorenej pozície"
SEQUENCER,,"Sequencer"
LOOP_MODE,,"Mód slučky"
FORWARD_CONDITION,,"Podmienky pre pohyb dopredu"
FORWARD_DURATION,,"Forward duration"
BACKWARD_CONDITION,,"Podmienky pre pohyb dozadu"
BACKWARD_DURATION,,"Backward duration"
EARLY,,"Skôr"
ADD_A_NEW_OUTPUT,,"+ Pridať nový výstup"
REMOVE_OUTPUT,,"Odobrať výstup"
EDIT_CURVE,,"Úprava krivky"
ADD_A_BACKWARD_CURVE,,"Pridať krivku pre pohyb dozadu"
USE_ONLY_ONE_CURVE,,"Použitie len jednej krivky"
EDIT_BACKWARD_CURVE,,"Úprava krivky dozadu"
EDIT_FORWARD_CURVE,,"Úprava krivky dopredu"
