String name, String context, X20(...) / XE(S) / V20(PRO), X18RS / X14(...) / T14 / V15, All other radios
TRANSLATION_KEY,,"th"
TRANSLATION_NAME,,"Thai"
TRANSLATION_FALLBACK_NAME,,"Thai"
TRANSLATION_FONT_SUBSET,,"thai"
SPECIAL_CHARS,,"_-+."
FORMULA,,"สูตร"
CALCULATED_SENSOR,,"Sensor ที่คํานวณได้"
NAME,,"ชื่อ"
DECIMALS,,"ทศนิยม"
VALUE,,"ค่า"
SENSOR_LOST_WARNING_DELAY,,"Sensor สูญเสียการหน่วงเวลาเตือน"
WARNING_DISABLED,,"คําเตือน จะถูกปิดการใช้งาน"
RANGE,,"ช่วง"
SPACE_WITH_SAMPLES,,"ตัวอย่าง"
RESET,,"Reset"
TELEMETRY_SENSOR,,"Sensor วัดทางไกล"
UNIT,,"หน่วย"
WRITE_LOGS,,"เขียนบันทึก Log"
ID,,"ID"
CENTER,,"Center"
SUBTRIM,,"Subtrim"
PWM_CENTER,,"PWM center"
NORMAL,,"ปกติ"
EQUAL,,"เท่ากัน"
UNPLUGGED,,"ถอดปลั๊ก"
BEHAVIOUR,,"ลักษณะการทํางาน"
ADD_NEW_BEHAVIOUR,,"เพิ่มลักษณะการทํางานใหม่"
ADD_EXTRA_TRIM,,"เพิ่ม Extra Trim"
EXTRA_TRIM,,"Extra trim"
SLOW_UP,,"เบา"
MIN,,"นาที"
CURVE,,"Curve"
MAX,,"สูงสุด"
CHANNEL,,"Channel"
INVERT,,"Invert"
SLOW_DOWN,,"ช้าลง"
INVERTED,,"Inverted"
FLIGHT_MODES,,"Flight modes"
DRIVE_MODES,,"Drive modes"
MIX_NAME_DESCRIPTION,,"แก้ไขชื่อสําหรับ Mix"
TRIGGER_ON_CONDITION,,"เงื่อนไขที่จะเปิด Trigger "
COMMENT,,"ติชม"
FUNCTION,,"Function"
VALUES,,"Values"
ADD_NEW_VALUE,,"เพิ่ม Value ค่าใหม่"
ACTIONS,,"ทํางาน"
ADD_NEW_ACTION,,"เพิ่มการทํางานใหม่"
DURATION_HIGH,,"ระยะเวลาใช้งาน"
RISING_EDGE,,"Rising edge"
DURING,,"ระหว่าง"
VALUE1,,"ค่า 1"
VALUE_X,,"ค่า (X)"
CHECK_INTERVAL,,"ตรวจสอบช่วงเวลา"
ACTIVE_CONDITION,,"สภาพใช้งาน"
MIN_DURATION,,"ระยะเวลาขั้นต่ำ"
MAX_DURATION,,"ระยะเวลาสูงสุด"
DURATION_LOW,,"ระยะเวลาไม่ใช้งาน"
VALUE2,,"ค่า 2"
DELAY_BEFORE_ACTIVE,,"หน่วงเวลาก่อนใช้งาน"
DURATION,,"ระยะเวลา"
SOURCE_A,,"แหล่งที่มา (A)"
TRIGGER_OFF_CONDITION,,"เงื่อนไขที่จะปิด Trigger "
DELAY_BEFORE_INACTIVE,,"หน่วงเวลาก่อน จะไม่ได้ใช้งาน"
DELAY_ON_OFF,,"หน่วงเวลา ON / OFF"
SOURCE,,"แหล่งที่มา"
APPLICATION_ID,,"Application ID"
PHYSICAL_ID,,"Physical ID"
ACTION,,"Action"
TRAINER,,"Trainer"
TRAINER_MODE,,"Trainer mode"
CHANNEL_RANGE,,"Channel range"
CH,,"CH"
OUTPUTS,,"Outputs"
LAST_MODIFICATION,,"แก้ไขครั้งหลังสุด"
DESCENDING,,"Descending"
SORT_BY,,"Sort by..."
ASCENDING,,"Ascending"
CLONE,,"Clone"
MODEL_MATCH,,"Model ID"
MODEL_DATA_LOAD,,"Model data load"
FILE_SIZE,,"ขนาดของ File"
MODEL_SELECT,,"เลือก Model"
NO_MODELS_DIRECTORY,,"ไม่มี Model ใน Directory นี้"
ARE_YOU_SURE_YOU_WANT_TO_DELETE_THIS_MODEL,,"แน่ใจหรือไม่ว่าต้องการลบ Model นี้"
SUCCESS,,"ทำสําเร็จแล้ว!"
CLONE_MODEL_SUCCESSFULLY,,"Model Clone สําเร็จแล้ว"
FILENAME_TOO_LONG,,"ชื่อไฟล์ยาวเกินไปนะคะ!"
RX_STILL_ON_SELECT_ANOTHER_MODEL,,"Receiver ยังคงต่อเชื่อมอยู่ แน่ใจหรือว่าจะเปลื่ยนเป็นลำอื่น"
CONFIRM_SELECT_ANOTHER_MODEL,,"แน่ใจหรือไม่ ว่าต้องการเลือกลำอื่น"
FILE_NAME,,"ชื่อ Filename"
MODEL_TYPE,,"Model type"
CONFIRM,,"ยืนยัน"
SET_CURRENT_MODEL,,"ตั้งค่า Model ที่ใช้งานอยู่"
UNCATEGORIZED,,"ไม่มีหมวดหมู่"
CHANGE_FOLDER,,"เปลี่ยน Folder"
OPERATION,,"ดําเนินการ"
OPERATION_FAILED,,"ดําเนินการล้มเหลว!"
DELETE_FOLDER,,"ลบ Folder นี้ทิ้ง"
RENAME,,"เปลี่ยนชื่อ Folder ใหม่"
CREATE_FOLDER,,"สร้าง Folder ใหม่"
CONFIRM_DELETE_FLIGHT_MODE,,"แน่ใจหรือไม่ ว่าต้องการลบ Flight Mode นี้นะคะ"
MOVE,,"ย้าย"
EDIT,,"แก้ไข"
ADD,,"เพิ่ม"
TELEMETRY_PORT,,"Telemetry port"
WARNING,,"คำเตือน"
ERRORS,,"ผิดพลาด"
OPTIONS,,"Options"
CONFIGURE,,"กําหนดค่า"
WAITING_FOR_RECEIVER,,"กําลังรอ Receiver มาต่อเชื่อมค่ะ"
PIN,,"Pin"
TELEMETRY,,"Telemetry"
RX_SETTINGS,,"การตั้งค่า RX"
NO_RESPONSE_FROM_RECEIVER,,"ไม่มีการตอบสนองจาก Receiver ค่ะ"
SBUS_OUT,,"SBUS out"
SBUS_IN,,"SBUS in"
TELEMETRY_25_MW,,"Telemetry 25mW"
HIGH_PWM_SPEED,,"High PWM speed"
FLIGHT_DATA_RECORDER,,"บันทึกข้อมูลการบิน"
RX_HAS_NO_FLIGHT_DATA_RECORD,,"Receiver นี้ ไม่มีเครื่องบันทึกข้อมูลการบิน"
DEVICE_CONFIG,,"Device config",
CONFIRM_DELETE_TIMER,,"แน่ใจหรือไม่ ต้องการลบตัวจับเวลานี้"
TIMER,,"Timer"
MODE,,"Mode"
PASTE,,"Paste"
TIMERS,,"Timers"
COPY,,"Copy"
NO_TIMER_HINT,,"ยังไม่มี Timer กรุณากดปุ่มเพิ่ม เพื่อสร้าง"
ANTENNA,,"Antenna"
POWER_HAS_BEEN_CHANGED_PLEASE_REBIND,,"พลังงานถูกเปลี่ยน  กรุณาเขื่อมต่อใหม่!"
NO_RESPONSE_FROM_MODULE,,"ไม่มีการตอบสนองจาก Module!"
POWER,,"Power"
BAUDRATE,,"Baudrate"
WAITING_FOR_MODULE,,"กําลังรอ Module ..."
TX_SETTINGS,,"การตั้งค่า TX"
MIXES,,"Mixes"
CHANNELS,,"ช่อง"
FLIGHT_MODE,,"Flight mode"
DRIVE_MODE,,"Drive mode"
D,,"D"
CONFIRM_DELETE_MIX,,"ต้องการลบ Mix นี้นะคะ"
CONFIRM_DELETE_SSS,,"ต้องการลบ %s นี้นะคะ"
NONE,,"None"
NO_MIX_HINT,,"ยังไม่มี Mix กรุณากดปุ่มเพิ่มเพื่อสร้าง"
TYPE,,"Type"
SHARE,,"Share"
RX,,"RX"
RACING_MODE,,"Racing mode"
RANGE_CHECK,,"ตรวจสอบช่วง"
EXTERNAL_MODULE,,"Module ภายนอก"
BIND_OK,,"เชื่อมต่อเรียบร้อยแล้วค่ะ"
BINDING_3DOTS,,"กำลังเชื่อมต่อค่ะ"
BIND,,"Bind"
FAILSAFE,,"Failsafe"
INTERNAL_MODULE,,"Module ภายใน"
SET_FAILSAFE,,"ตั้งค่า Failsafe"
RESET_BIND,,"Reset Bind"
FACTORY_RESET,,"จะคืนค่าเริ่มต้นจากโรงงาน"
RF_SYSTEM,,"RF system"
OWNER_REGISTRATION_ID,,"รหัสการลงทะเบียนเจ้าของ"
SELECT_DEVICE,,"เลือกอุปกรณ์"
REGISTER,,"ลงทะเบียน"
VALID_FRAME_RATE,,"VFR"
STATE,,"State"
PROTOCOL,,"Protocol"
ARE_YOU_SURE_TO_RESET_THIS_RECEIVER,,ต้องการ Reset Receiver นี้นะคะ"
SET,,"Set"
EXPO,,"Expo"
UNIT_POINTS_COUNT,,"points"
WEIGHT,,"Weight"
POINTS,,"Points"
OFFSET,,"Offset"
AUTO_OFFSET,,"Auto offset"
OFFSET_WHEN_ACTIVE,,"Offset เมื่อใช้งาน"
OFFSET_WHEN_INACTIVE,,"Offset เมื่อไม่ได้ใช้งาน"
SMOOTH,,"ราบลื่น"
POINT,,"Point"
POINTS_COUNT,,"Points count"
EASY_MODE,,"Easy mode"
LOGIC_SWITCHES,,"Logic switches"
ARE_YOU_SURE_YOU_WANT_TO_DELETE_THIS_LOGIC_SWITCH,,"ต้องการลบ logic switch นี้นะคะ?"
NO_LOGIC_SWITCH_HINT,,"ยังไม่มี Logic switch กรุณากดปุ่มเพิ่ม เพื่อสร้าง"
START_CONDITION,,"เงื่อนไข เริ่มต้นการทำงานค่ะ"
STOP_CONDITION,,"เงื่อนไข หยุดการทำงานค่ะ"
TIMER_EDIT,,"แก้ไข Timer"
PERSISTENT,,"Persistent"
START_VALUE,,"ค่าเริ่มต้น"
AUDIO_ACTIONS,,"Audio actions"
AUDIO_ACTION,,"Audio action"
ADD_A_NEW_AUDIO_ACTION,,"เพิ่มการทํางานด้วยเสียงใหม่"
ALARM_VALUE,,"ค่าการเตือน Alarm "
HAPTIC,,"การสั่น"
COUNT_SECONDS,,"นับถอยหลัง"
START,,"เริ่มต้น"
PLAY_FILE,,"Play file"
SPACE_WITH_OTHERS,,"ที่อื่นๆ"
CONFIRM_DELETE_CURVE,,"ต้องการลบ Curve นี้นะคะ"
CURVE_USED_BY,,"Curve นี้ ถูกใช้โดย:"
AND_WITH_TWO_SPACES,," and "
CURVES,,"Curves"
NO_CURVE_HINT,,"ยังไม่มี Curve ค่ะ กรุณากดปุ่มเพิ่ม เพื่อสร้าง"
VARS,,"Vars"
NO_VAR_HINT,,"ยังไม่มี Var ค่ะ กรุณากดปุ่มเพิ่ม เพื่อสร้าง"
ARE_YOU_SURE_YOU_WANT_TO_DELETE_THIS_VAR,,"ต้องการลบ Var นี้นะคะ?"
CONFIRM_RESET_MIXES,,"การดําเนินการนี้จะทําให้ Mix ทั้งหมดถูก reset\n ต้องการทำนะคะ"
ELEVATORS,,"Elevators"
YAW,,"Yaw"
SWASH_PLATE,,"Swash plate"
EDIT_MODEL,,"แก้ไข Model"
PICTURE,,"Picture"
TAIL,,"Tail"
AILERONS,,"Ailerons"
PITCH,,"Pitch"
THROTTLE,,"Throttle"
FLAPS,,"Flaps"
ENGINE,,"Engine"
BRAKE,,"Brake"
RUDDERS,,"Rudders"
ROLL,,"Roll"
FUNCTION_SWITCHES,,"Function switches"
RESET_ALL_MIXES,,"Reset all mixes"
CREATE_CALCULATED_SENSOR,,"Create calculated sensor"
CONFIRM_DELETE_SENSORS,,"sensor ทั้งหมดจะถูกลบออก\n ต้องการทำนะคะ"
ON,,"ON"
OFF,,"OFF"
DISCOVER_NEW_SENSORS,,"ค้นพบ Sensor ใหม่"
DELETE_ALL,,"Delete all"
INDIVIDUAL_RSSI_ALERT_PER_BAND,,"Individual RSSI alert per band"
CREATE_DIY_SENSOR,,"สร้าง DIY Sensor"
CONFIRM_LOAD_ALL_SWITCH_POSITIONS,,"การดําเนินการนี้จะแทนที่ตําแหน่ง Switch ทั้งหมดด้วยตําแหน่งปัจจุบัน ต้องการทำนะคะ"
CHECK_FUNCTION,,"ตรวจสอบ Function"
LOAD_ALL_SWITCH_POSITIONS,,"Load ตําแหน่งสวิตช์ทั้งหมด"
CONFIRM_LOAD_ALL_POT_POSITIONS,,"การดําเนินการนี้จะแทนที่ตําแหน่ง Pot ทั้งหมดด้วยตําแหน่งปัจจุบัน ต้องการทำนะคะ"
LOAD_ALL_POT_POSITIONS,,"Load all pot positions"
CALIBRATION_FINISH,,"Calibration เรียบร้อยแล้วค่ะ"
SXR_CALIBRATION,,"SxR calibration"
CLICK_WHEN_DONE,,"กดปุ่มดัวยค่ะ เมื่อทำเสร็จแล้ว"
CALIBRATING,,"Calibrating อยู่ค่ะ...."
SXR_CALIBRATION_DESCRIPTION,,"Calibration of SxR gyros and accelerometers"
SLAVE_CH,,"Slave CH"
PERCENT,,"Percent"
DESTINATION,,"Destination"
ENABLE,,"เปิดการทำงานค่ะ"
NO_FUNCTION_HINT,,"ยังไม่มี Function ค่ะ กรุณากดปุ่มเพิ่ม เพื่อสร้าง"
SPECIAL_FUNCTIONS,,"Special functions"
SF,,"SF"
DISABLE,,"ปิดการทำงานค่ะ"
ARE_YOU_SURE_YOU_WANT_TO_DELETE_THIS_SPECIAL_FUNCTION,,"ลบ Special Function นี้นะคะ"
REGISTRATION_OK,,"ลงทะเบียนเรียบร้อยแล้วค่ะ"
UID,,"UID"
REGISTRATION_ID,,"เลขทะเบียน ID"
RX_NAME,,"ชื่อ RX"
RECEIVER_CONNECTED,,"Receiver เชื่อมต่อเรียบร้อยแล้วค่ะ"
REGISTRATION,,"ลงทะเบียน"
TRIMS,,"Trims"
FADE_IN,,"Fade in"
FADE_OUT,,"Fade out"
AUTO_DETECT,,"ตรวจจับอัตโนมัติ"
DISPLAY_DECIMALS_AND_UNIT,,"แสดงทศนิยม / หน่วย"
SELECT_SENSOR,,"เลือก Sensor"
DIY_SENSOR,,"sensor"
WAITING,,"รอสักครู่นะคะ"
BAND,,"Band"
RATIO,,"Ratio"
MODULE,,"Module"
PROTOCOL_DECIMALS_AND_UNIT,,"Protocol decimals / unit"
CROSS_TRIM,,"Cross trim"
MOVE_TRIM_TO_SUBTRIM,,"Move trim to subtrim"
INSTANT_TRIM,,"Instant trim"
CONFIRM_MOVE_TRIM_TO_SUBTRIM,,"ยืนยัน จะย้าย Trim to Subtrim นะคะ"
MOVE_TRIMS_TO_SUBTRIMS,,"ย้าย Trim to Subtrim"
CONFIRM_MOVE_TRIMS_TO_SUBTRIMS,,"ยืนยัน จะย้าย Trim to Subtrim นะคะ"
INDEPENDENT_PER_FLIGHT_MODE,,"Independent per FM"
STICK,,"Stick"
CONFIGURE_SCREENS,,"ตั้งค่าหน้าจอ"
TOP_SCREEN,,"หน้าจอด้านบน"
CHANGE_LAYOUT,,"เปลี่ยน Layout ใหม่"
FULL_SCREEN,,"เต็มหน้าจอ"
WIDGET,,"Widget"
SET_MAIN_SCREEN,,"ตั้งค่าหน้าจอหลัก"
CONFIGURE_WIDGET,,"ตั้งค่า Widget"
NEW_SCREEN,,"หน้าจอใหม่"
SCREEN,,"Screen"
CHANGE_WIDGET,,"เปลี่ยน Widget"
MOVE_FORWARD,,"ย้ายไปด้านหน้า"
MOVE_BACKWARD,,"ย้ายไปด้านหลัง"
RESET_FLIGHT,,"Reset flight"
RESET_TIMERS,,"Reset เวลา"
RESET_TELEMETRY,,"Reset telemetry"
HOME,,"Home"
ADD_AFTER,,"เพิ่มหลังจาก"
ADD_MIX_FAILED,,"เพิ่ม Mix ล้มเหลวค่ะ!"
MAX_MIXES_REACHED,,"จํานวน Mix ถึงสูงสุดแล้วค่ะ"
FIRST_POSITION,,"ตําแหน่งแรก"
MIXES_LIBRARY,,"Mixes library"
LOCAL_ADDRESS,,"Mixes library"
WAITING_FOR_DEVICES,,"กําลังรออุปกรณ์อยู่ค่ะ"
LOCAL_NAME,,"Local name"
SEARCH_DEVICES,,"ค้นหาอุปกรณ์ค่ะ"
BLUETOOTH_DEVICE_CONNECTED,,"เชื่อมต่ออุปกรณ์ Bluetooth แล้วค่ะ"
CONFIRM_ALLOW_CONNECTION,,"Allow connection?"
BLUETOOTH_FIRMWARE_NEEDS_UPDATE,,"Bluetooth firmware needs to be updated!"
BLUETOOTH_MAINTENANCE,,"Bluetooth maintenance"
CONNECT_LAST_DEVICE,,"เชื่อมต่ออุปกรณ์ท้ายสุด"
DEVICE,,"Device"
NO_BLUETOOTH_DEVICE_FOUND,,"ไม่พบ Bluetooth ค่ะ "
SPEAKER_MUTE,,"ปิดเสียงลําโพง"
DISCONNECT,,"ตัดการเชื่อมต่อ"
WAITING_FOR_DEVICE,,"กําลังรออุปกรณ์"
DIST_ADDRESS,,"Distant address"
CONNECTING,,"เชื่อมต่อ"
ROTARY_ENCODER_HALF_STEPS,,"Rotary encoder half steps"
BLUETOOTH_AUDIO,,"Bluetooth Audio"
NOT_INSTALLED,,"Not installed (default)"
INSTALLED_AS_AN_OPTION,,"Installed as an option"
RESET_MODULE,,"Reset Module"
HIGH_SPEED,,"High speed"
NORMAL_SPEED,,"Normal speed"
MODEL,,"Model"
STEERING,,"Steering"
DUTY_RATIO,,"Duty ratio"
CYCLE_DURATION,,"Cycle duration"
RETURN_POSITION,,"Return position"
STEERING_BRAKE,,"Steering brake"
CHECKLIST,,"Checklist"
FILE_MANAGER,,"File manager"
SOUND,,"เสียงและการสั่น"
STICKS,,"Sticks"
DATE_TIME,,"วันที่ และ เวลา"
HARDWARE,,"Hardware"
INFO,,"ข้อมูล"
SERIAL_NUMBER,,"หมายเลขเครื่อง"
RESET_FACTORY_SETTINGS,,"คืนค่าโรงงาน"
CONFIRM_RESET_FACTORY_SETTINGS,,"จะคืนค่าเดิมจากโรงงานมั้ยคะ"
SYSTEM,,"System"
DISPLAY,,"Display"
KEYBOARD,,"Keyboard"
ENABLE_SLIDER,,"เปิดใช้งาน Slider"
DISABLE_SLIDER,,"ปิดใช้งาน Slider"
ALERTS,,"แจ้งเตือน"
SPECTRUM_ANALYSER,,"Spectrum"
BATTERY,,"Battery"
CHECKLIST_WARNING,,"คําเตือน ตรวจสอบรายการ"
RADIO_IS_IN_SILENT_MODE,,"วิทยุถูกตั้งค่าอยู่ในโหมดเงียบ"
RADIO_BATTERY_IS_LOW,,"แบตเตอรี่วิทยุเหลือน้อย"
THROTTLE_IS_NOT_IDLE,,"Throttle ไม่ได้เดินรอบเบา"
ARE_NOT_IN_SAFE_POSITION,,"ไม่อยู่ในตําแหน่งที่ปลอดภัย"
IS_NOT_IN_SAFE_POSITION,,"ไม่อยู่ในตําแหน่งที่ปลอดภัย"
FUNCTION_SWITCHES_ARE_NOT_IN_SAFE_POSITION,,"Function Switches ไม่อยู่ในตําแหน่งที่ปลอดภัยค่ะ"
FAILSAFE_IS_NOT_SET,,"ไม่ได้ตั้งค่า Failsafe ค่ะ"
RTC_BATTERY_IS_LOW,,"แบตเตอรี่ RTC เหลือน้อยค่ะ"
ALWAYS_ON,,"เปิดตลอดเวลา"
YES,,"Yes"
DIGITAL_RSSI,,"Digital RSSI"
GYRO,,"Gyro"
GYRO_SWITCHES,,"Gyro switches"
LANGUAGE,,"ภาษา"
SWITCHES,,"Switches"
TOP_TOOLBAR,,"แถบเครื่องมือด้านบน"
NO,,"No"
BRIGHTNESS,,"ความสว่าง"
KEYS,,"Keys"
WAKE_UP,,"Wake up"
DIGITAL_VOLTAGE,,"Digital voltage"
SLEEP,,"Sleep"
SYSTEM_ALERTS,,"แจ้งเตือนของระบบ"
INACTIVITY,,"Inactivity"
AUTO_ADJUST_FROM_GPS,,"ปรับอัตโนมัติจาก GPS"
DATE,,"วันที่"
ADJUST_RTC_SPEED,,"ปรับความเร็ว RTC"
SHOW_SECONDS,,"แสดงวินาที"
IS24HOUR,,"เวลา 24 ชั่วโมง"
TIME_ZONE,,"เขตเวลา"
YEAR,,"ปี"
MONTH,,"เดือน"
TIME,,"เวลา"
NEXT,,"ถัดไป"
GYRO_CALIBRATION,,"Gyro calibration"
PREV,,"ก่อนหน้า"
MDL_LONG,,"MDL long"
HARDWARE_CHECK,,"ตรวจสอบ Hardware"
SWITCHES_SETTINGS,,"ตั้งค่า Switche"
ADC_INSPECTOR,,"ตรวจสอบ ADC"
SYS_LONG,,"SYS long"
HOME_KEYMAP,,"Home keymap"
POTS_SLIDERS_SETTINGS,,"ตั้งค่า Pots และ Sliders"
SWITCH_MIDDLE_DETECT_DELAY,,"Switch middle detect delay"
DISP_SHORT,,"{DISP_LABEL} short"
DISP_LONG,,"{DISP_LABEL} long"
SWITCH,,"Switch"
THROTTLE_DEAD_BAND,,"Throttle dead band"
ANALOGS_FILTER,,"Analogs filter"
ANALOGS_CALIBRATION,,"Analogs calibration"
CONFIRM_CONTINUE,,"ยืนยัน ที่จะต้องการดําเนินการต่อนะคะ"
THR_NOT_LOW_WARNING,,"Throttle ไม่อยู่ในตําแหน่งต่ำสุดค่ะ"
CHANNELS_ORDER,,"ลําดับช่อง"
STICKS_MODE,,"Sticks mode"
STICKS_MODE_1,,"Sticks mode 1"
STICKS_MODE_2,,"Sticks mode 2"
STICKS_MODE_3,,"Sticks mode 3"
STICKS_MODE_4,,"Sticks mode 4"
FIRST_FOUR_CHANNELS_FIXED,,"4 Channels แรกถูกตั้งค่าไว้แล้ว"
NO_SD_CARD,,"ไม่มี SD Card ค่ะ"
FLASH_BOOTLOADER,,"Flash Bootloader"
FLASH_INTERNAL_MODULE,,"Flash internal RF module"
PLAY,,"เล่น"
CURRENT_VERSION,,"รุ่นปัจจุบัน"
FLASH_RECEIVER_BY_INTERNAL_MODULE_OTA,,"Flash RX by int. OTA"
FLASH_RECEIVER_BY_EXTERNAL_MODULE_OTA,,"Flash RX by ext. OTA"
OTA_UPDATE,,"OTA update"
FLASH_EXTERNAL_DEVICE,,"Flash external device"
OPEN,,"เปิด"
FLASH_EXTERNAL_MODULE,,"Flash external module"
FLASH_EXTERNAL_MULTIMODULE,,"Flash external multimodule"
MOVE_HERE,,"ย้ายมาที่นี่"
OTA_UPDATE_ERROR,,"มีข้อผิดพลาดในการอัพเดต OTA"
UNSUPPORTED_RX,,"ไม่รองรับ RX"
MAIN_VOLTAGE,,"Main voltage"
DISPLAY_VOLTAGE_RANGE,,"แสดง Voltage Range"
LOW_VOLTAGE,,"Voltage ต่ำ"
RTC_VOLTAGE,,"RTC Voltage"
UNKNOWN,,"ไม่ทราบ"
FIRMWARE,,"Firmware"
FIRMWARE_VERSION,,"รุ่น Firmware"
VIDEO_HARDWARE_VERSION,,"รุ่น Video hardware"
RECEIVER,,"Receiver"
NON_STABILIZED_RECEIVER,,"ไม่ใช่ Stabilized Receiver นะคะ"
VARIO,,"Vario"
MAIN_VOLUME,,"Main volume"
AUDIO_VOLUME,,"Volume"
PITCH_AT_ZERO,,"Pitch zero"
SEQUENCE,,"Sequence"
PITCH_AT_MAX,,"Pitch max"
REPEAT_AT_ZERO,,"Repeat"
SILENT,,"เงียบ"
ALARMS_ONLY,,"Alarms only"
OFTEN,,"บ่อย"
ALWAYS,,"เสมอ"
NEVER,,"ไม่เคย"
WHEN_TELEMETRY_STREAMING,,"When Telemetry Streaming"
VOICE1,,"เสียง 1 (หลัก)"
VOICE2,,"เสียง 2"
VOICE3,,"เสียง 3"
SUNDAY,,"อาทิตย์"
MONDAY,,"จันทร์"
TUESDAY,,"อังคาร"
WEDNESDAY,,"พุธ"
THURSDAY,,"พฤหัสบดี"
FRIDAY,,"ศุกร์"
SATURDAY,,"เสาร์"
JANUARY,,"มกราคม"
FEBRUARY,,"กุมภาพันธ์"
MARCH,,"มีนาคม"
APRIL,,"เมษายน"
MAY,,"พฤษภาคม"
JUNE,,"มิถุนายน"
JULY,,"กรกฎาคม"
AUGUST,,"สิงหาคม"
SEPTEMBER,,"กันยายน"
OCTOBER,,"ตุลาคม"
NOVEMBER,,"พฤศจิกายน"
DECEMBER,,"ธันวาคม"
CURRENT,,"Current"
VFAS,,"VFAS"
TEMPERATURE_2,,"Temp2"
TEMPERATURE_1,,"Temp1"
FUEL,,"เชื้อเพลิง"
ACCX,,"AccX"
ACCY,,"AccY"
ACCZ,,"AccZ"
GPS_ALT,,"GPS alt"
GPS_SPEED,,"GPS speed"
GPS_COURSE,,"GPS course"
AIR_SPEED,,"Air speed"
BATTERY_1_VOLTAGE,,"Bat1 voltage"
BATTERY_1_CURRENT,,"Bat1 current"
BATTERY_2_VOLTAGE,,"Bat2 voltage"
BATTERY_2_CURRENT,,"Bat2 current"
RBOX_STATE_1,,"RBOX S1"
RBOX_STATE_2,,"RBOX S2"
BATTERY_1_CONSUMPTION,,"Bat1 cons."
BATTERY_2_CONSUMPTION,,"Bat2 cons."
BATTERY_1_TEMPERATURE,,"Bat1 temp."
BATTERY_2_TEMPERATURE,,"Bat2 temp."
SD1_CHANNEL,,"SD1CH"
ESC_VOLTAGE,,"ESC voltage"
ESC_CURRENT,,"ESC current"
ESC_RPM,,"ESC RPM"
ESC_CONSUMPTION,,"ESC consumption"
ESC_TEMPERATURE,,"ESC temp"
RB_OUTPUT_STATE,,"สถานะ Output"
RB_CH1_A,,"CH1 current"
RB_CH2_A,,"CH2 current"
RB_CH3_A,,"CH3 current"
RB_CH4_A,,"CH4 current"
RB_CH5_A,,"CH5 current"
RB_CH6_A,,"CH6 current"
RB_CH7_A,,"CH7 current"
RB_CH8_A,,"CH8 current"
RB_CH9_A,,"CH9 current"
RB_OUTPUT_1_VOLTAGE,,"Output1 voltage"
RB_OUTPUT_2_VOLTAGE,,"Output2 voltage"
GASSUIT_TEMP1,,"GASS temp1"
GASSUIT_TEMP2,,"GASS temp2"
GASSUIT_SPEED,,"GASS RPM"
GASSUIT_RES_VOL,,"GASS res. vol."
GASSUIT_RES_PERC,,"GASS res. %"
GASSUIT_FLOW,,"GASS flow"
GASSUIT_MAX_FLOW,,"GASS max flow"
GASSUIT_AVG_FLOW,,"GASS avg flow"
BEC_VOLTAGE,,"BEC voltage"
BEC_CURRENT,,"BEC current"
POWER_900M,,"Power 900M",
ROLL_ANGLE,,"R.angle"
PITCH_ANGLE,,"P.angle"
HYDRAULIC_PRESSURE,,"H.pressure"
INTERNAL_GPS,,"Internal GPS"
RAM_AVAILABLE,,"RAM available"
CLOCK,,"นาฬิกา"
LATITUDE,,"Latitude"
LONGITUDE,,"Longitude"
TRIP,,"Trip"
CATEGORY,,"ประเภท"
MEMBER,,"สมาชิก"
IGNORE_TRAINER_INPUT,,"เว้นการป้อนข้อมูลของ Trainer"
FULL_RANGE,,"Full range"
IGNORE_RANGE,,"Ignore range"
HALF_RANGE,,"Half range"
NEGATIVE,,"Negative"
EDGE,,"Edge"
ELE_TO_AIL,,"Ele => Ail"
AIL_TO_RUD,,"Ail => Rud"
ELE_TO_CAMBER,,"Ele => Camber"
RUD_TO_AIL,,"Rud => Ail"
RUD_TO_ELE,,"Rud => Ele"
AIL_TO_FLAPS,,"Ail => Flaps"
FLAPS_TO_ELE,,"Flaps => Ele"
FREE_MIX,,"Free mix"
SNAP_ROLL,,"Snap roll"
TEST_MIX,,"Test mix"
PLANE,,"Airplane"
GLIDER,,"Glider"
HELI,,"Heli"
MULTI,,"Multi"
CAR,,"Car",
BOAT,,"Boat",
OTHER,,"อื่นๆ"
CALIBRATION,,"Calibration"
INPUTS,,"Inputs"
UPDATE,,"Update"
SDCARD,,"SD card","SD"
SDCARD_ERROR,,"เกิดข้อผิดพลาดของ SD card ค่ะ"
INVALID_DATA,,"ข้อมูลไม่ถูกต้องค่ะ"
FILE_BAD_FORMAT,,"ไม่ทราบชนิดของ File ค่ะ"
NO_FILES_ON_SD,,"ไม่มี File ใน SD ค่ะ"
READ_ERROR,,"ไม่สามารถอ่านได้ค่ะ"
WRITE_ERROR,,"ไม่สามารถเขียนได้ค่ะ"
WRONG_HEADER,,"ส่วนหัวไม่ถูกต้องค่ะ"
WRONG_FORMAT,,"รูปแบบไม่ถูกต้องค่ะ"
WRONG_CRC,,"CRC ผิดค่ะ"
WRONG_FILE_SIZE,,"ขนาดของ File ไม่ถูกต้องค่ะ"
WRONG_FILE,,"Ffile ไม่ถูกต้องค่ะ"
ERROR,,"ผิดพลาดค่ะ"
RUDDER,,"Rudder"
ELEVATOR,,"Elevator"
DELETE,,"ลบ"
MODEL_BITMAP,,"Model bitmap"
TAIL_TYPE,,"Tail type"
TRADITIONAL,,"Traditional"
VTAIL,,"V-Tail"
REVERSE,,"Reverse"
RATE,,"Rate"
UP,,"ขึ้น"
DOWN,,"ลง"
LEFT_SHORT,,"L"
RIGHT_SHORT,,"R"
RIGHT,,"ขวา"
LEFT,,"ซ้าย"
TOP,,"ด้านบน"
BOTTOM,,"ด้านล่าง"
TIMER_UP,,"ขึ้น"
TIMER_DOWN,,"ลง"
LIMIT,,"จำกัด"
SPEED,,"ความเร็ว"
SET_DATE,,"ตั้งวันที่"
SET_TIME,,"ตั้งเวลา"
SILENT_MODE,,"โหมดเงียบ"
KEY,,"Key"
ALARM,,"Alarm"
TRIM,,"Trim"
SETUP_CHANNEL,,"ตั้งค่า Channel"
LOGIC_SWITCH,,"Logic switch"
CREATE_MODEL,,"สร้าง Model ใหม่ค่ะ"
CANCEL,,"ยกเลิกค่ะ"
DELAY,,"ช้า"
SAVE,,"จัดเก็บค่ะ"
LS,,"LS"
FS,,"FS"
OP,,"OP"
TRAINER_MASTER,,"Master"
TRAINER_SLAVE,,"Slave"
LINK_MODE,,"Link mode"
TRAINEE_CHANNEL,,"Trainee channel"
RECEIVER_TYPE,,"ชนิดของ Receiver"
BACK,,"ย้อนกลับนะคะ"
INTERNAL,,"ภายใน"
EXTERNAL,,"ภายนอก"
RF_PROTOCOL,,"RF protocol"
EXTERNAL_RF,,"RF ภายนอก"
LOGIC_SWITCH_RANGE,,"Range"
PLAY_SEQUENCE,,"เล่นเสียง"
WAIT_DURATION,,"โปรดรอสักครู่คะ"
WAIT_CONDITION,,"เงื่อนไขการรอ"
CONFIRM_DELETE_LINE,,"ต้องการลบบรรทัดนี้นะคะ"
ADD_A_NEW_LINE_IN_SEQUENCE,,"เพิ่มบรรทัดใหม่ค่ะ"
PLAY_TEXT,,"Play text"
GO_TO_SCREEN,,"ไปที่หน้าจอ"
LOCK_TOUCHSCREEN,,"ล็อคหน้าจอ Touchscreen"
BLANK,,"ว่างเปล่า"
CALIBRATE,,"Calibrate"
CLICK_CALIBRATE_TO_START,,"คลิก 'Calibrate' เพื่อเริ่มค่ะ"
CENTER_STICKS_POTS_SLIDERS_AND_CLICK_NEXT,,"จัด Sticks/ Pots/ Sliders ทั้งหมดให้อยู่ตรงกลาง กด 'ถัดไป' เมื่อเสร็จแล้วนะคะ"
MOVE_STICKS_POTS_SLIDERS_AND_CLICK_NEXT,,"ขยับ sticks/pots/sliders ไปให้สุดทาง แล้วกด 'ถัดไป' เมื่อเสร็จแล้วนะคะ"
CALIBRATION_COMPLETE_CLICK_CONFIRM_TO_STORE,,"Calibration เสร็จแล้วค่ะ กด 'ยืนยัน' เพื่อจัดเก็บการตั้งค่าด้วยค่ะ"
BACKLIGHT,,"แสงไฟ"
DARK_MODE,,"โหมดมืด"
HIGHLIGHT_COLOR,,"Highlight color"
MODEL_NAME,,"ชื่อ"
NO_AIRBRAKES,,"ไม่มี Airbrakes"
OK,,"ตกลง"
FLAP,,"Flap"
AIRBRAKE,,"Airbrake"
FILE,,"File"
FLASH_SPORT,,"Flash S.Port"
PLAY_VALUE,,"Play value"
ANALOGS,,"Analogs"
SWITCHES_POSITIONS,,"Switch positions"
TRIMS_POSITIONS,,"Trim positions"
CONST_VALUE,,"Const value"
SLIDER_LEFT,,"Slider left"
SLIDER_RIGHT,,"Slider right"
TRIM_T1_LEFT,,"Trim RHL"
TRIM_T1_RIGHT,,"Trim RHR"
TRIM_T2_UP,,"Trim RVU"
TRIM_T2_DOWN,,"Trim RVD"
TRIM_T3_UP,,"Trim LVU"
TRIM_T3_DOWN,,"Trim LVD"
TRIM_T4_LEFT,,"Trim LHL"
TRIM_T4_RIGHT,,"Trim LHR"
TRIM_T5_LEFT,,"T5 L"
TRIM_T5_RIGHT,,"T5 R"
TRIM_T5_DOWN,,"T5 D"
TRIM_T5_UP,,"T5 U"
TRIM_T6_LEFT,,"T6 L"
TRIM_T6_RIGHT,,"T6 R"
TRIM_T6_DOWN,,"T6 D"
TRIM_T6_UP,,"T6 U"
DIFFERENTIAL,,"Differential"
SLOW,,"Slow"
MULTIPLY,,"Multiply"
WEIGHT_UP,,"Weight up"
WEIGHT_DOWN,,"Weight down"
OUTPUT,,"Output"
CLOSE,,"ปิด"
FLASHING,,"กำลัง Flash อยู่ค่ะ"
RESET_DEVICE,,"รีเซ็ตอุปกรณ์ ..."
LOW_BATTERY,,"แบตเตอรี่วิทยุเหลือน้อย"
VOLTAGE_CALIBRATION,,"Voltage calibration"
STARTING_MODEL_WIZARD,,"ตัวช่วยสร้าง model"
RADIO_DATA_LOAD,,"โหลดข้อมูลวิทยุ"
DEFAULT_SYSTEM_SETTINGS_RESTORED,,"เกิดข้อผิดพลาดในการจัดเก็บข้อมูล ค่าของระบบเริ่มต้นจะถูกกู้คืนนะคะ"
FLIGHT_MODE_SHORT,,"FM"
DRIVE_MODE_SHORT,,"DM"
PREFLIGHT_WARNING,,"คําเตือน ก่อนบินค่ะ"
NEW_MODEL,,"Model ใหม่"
STARTING_CALIBRATION,,"เริ่มการ Calibration ค่ะ"
NO_SD_CARD_WARNING,,"คําเตือน ไม่มี SD Card ค่ะ"
ADD_CURVE_ERROR,,"เพิ่ม Curve ล้มเหลวค่ะ"
STEP,,"Step"
AILERON,,"Aileron"
ELEVON,,"Elevon"
SPACE_WITH_CHANNEL,," channel"
QUESTION_SWAP_SSS_AND_SSS_CHANNELS_SETTINGS,,"ต้องการสลับการตั้งค่าช่อง %s กับ %s มั้ยคะ"
INPUT,,"Input"
THR_CURVE,,"Thr curve"
PITCH_CURVE,,"Pitch curve"
THROTTLE_CUT,,"Throttle cut"
DELAY_UP,,"Delay up"
DELAY_MID,,"Delay mid"
DELAY_DOWN,,"Delay down"
NO_DELAY,,"No delay"
V_TAIL,,"V-Tail"
DATA_REFUSED,,"ข้อมูลถูกปฏิเสธค่ะ"
DEVICE_NOT_RESPONDING,,"อุปกรณ์ไม่ตอบสนองค่ะ"
NO_OUTPUT,,"ไม่มี Output ค่ะ"
WEIGHT_RATES,,"Weight / Rates"
OTHERWISE,,"มิฉะนั้นแล้ว"
AUTO,,"Auto"
TRIM_STEP_FINE,,"Fine"
TRIM_STEP_COARSE,,"Coarse"
TRIM_STEP_EXPONENTIAL,,"Exponential"
TRIM_STEP_EXTRA_FINE,,"Extra fine"
TRIM_STEP_MEDIUM,,"Medium"
TRIM_STEP_CUSTOM,,"Custom"
SCREENSHOT,,"ภาพหน้าจอ"
POSITIVE,,"Positive"
THROTTLE_HOLD,,"คง Throttle ไว้"
TRIGGER_VALUE,,"ค่า Trigger"
IDLE_OUTPUT_VALUE,,"Idle output value"
LOW_POSITION_TRIM,,"Low position trim"
AND,,"AND"
OR,,"OR"
XOR,,"XOR"
SENSORS,,"Sensors"
RECEIVERS,,"Receivers"
SERVOS,,"Servos"
FLIGHT_SAFETY,,"Flight safety"
VARIOMETER,,"Variometer"
ALARMS,,"Alarms"
SENSOR,,"Sensor"
RX_BATT,,"RxBatt"
RX_CURRENT,,"RxCurrent"
ALTITUDE,,"Altitude"
VSPEED,,"VSpeed"
SELECT_LANGUAGE,,"เลือกภาษาคะ"
ONCE,,"Once"
FLIGHT_DATA,,"ข้อมูลเที่ยวบิน"
ALL_TIMERS,,"All timers"
WHOLE_TELEMETRY,,"Whole telemetry"
REPEAT,,"ซ้ำ"
WAV_FILE,,"Wav file"
BUTTERFLY,,"Butterfly"
CAMBER,,"Camber"
PITCH_TO_RUD,,"Pitch => Rud"
MISSING_BASIC_MIX,,"ขาด mix พื้นฐาน"
MISSING_ENOUGH_CHANNEL,,"จำนวนช่อง มีไม่เพียงพอคะ"
NOT_SUITABLE_FOR_THIS_MODEL,,"Mix นี้ไม่เหมาะกับ model ของคุณค่ะ"
THR_TO_ELE,,"Thr => Ele"
THR_TO_RUD,,"Thr => Rud"
TEMPERATURE,,"อุณหภูมิ"
DATA_RATE,,"Data Rate"
GPS,,"GPS"
GAS_SUITE,,"Gas Suite"
FLOW_RESET,,"Flow reset"
CDI_OFF_SPEED_LIMIT,,"CDI off speed limit"
FLOW_PULSE,,"Flow pulse"
AUTO_RESET,,"Auto reset"
RESET_RESIDUAL_VOLUME,,"Reset residual volume"
RESET_MAX_FLOW,,"Reset max flow"
RESET_AVERAGE_FLOW,,"Reset average flow"
VOLUME_ALARM,,"สัญญาณเตือนระดับเสียง"
MAX_FLOW_ALARM,,"Max flow alarm"
OVER_SPEED_ALARM,,"เตือน! ความเร็วเกิน"
FLOW_TRIGGER,,"Flow trigger"
FACTORY_SETTING,,"ตั้งค่าจากโรงงาน"
OVER_TEMP1_ALARM,,"เตือนอุณหภูมิเกิน 1"
OVER_TEMP2_ALARM,,"เตือนอุณหภูมิเกิน 2"
TEMPERATURE_UNIT,,"หน่วยอุณหภูมิ"
AUTO_SAVE,,"บันทึกอัตโนมัติ"
GPS_POSITION_DATA_RATE,,"GPS position data rate"
GPS_ALTITUDE_DATA_RATE,,"GPS altitude data rate"
GPS_SPEED_DATA_RATE,,"GPS speed data rate"
GPS_COURSE_DATA_RATE,,"GPS course data rate"
GPS_TIME_DATA_RATE,,"GPS clock data rate"
EW,,"EW"
NS,,"NS"
DEFAULT_FLIGHT_MODE,,"โหมดการบินเริ่มต้น"
DEFAULT_DRIVE_MODE,,"Default drive mode"
SKIP_ON_STARTUP,,"ข้าม..เมื่อเริ่มต้น"
LOW_VALUE_WARNING,,"เตือนค่าต่ำ"
CRITICAL_VALUE,,"ค่านี้ มีปัญหา"
UPGRADE_MODULE,,"Upgrade module"
AUTHENTICATION_FAILURE,,"รับรองความถูกต้อง ผิดพลาด"
MODULE_NEEDS_UPGRADE,,"Module ต้องการการอัพเกรด"
CLEAR,,"Clear"
MIX_SWITCH_DESCRIPTION,,"เลือกสวิตช์เพื่อเปลี่ยนสถานะ เพื่อจะใช้งานหรือไม่ใช้งานของ Mix"
MIX_WEIGHT_DESCRIPTION,,"ตัวคูณเป็น % ที่ใช้กับแหล่งที่เข้ามาเพื่อกําหนดค่าเอาต์พุตของ Mix จะถูกคํานวณหลังจาก Curve"
MIX_CURVE_DESCRIPTION,,"เลือก Curve สําหรับ Mix ซึ่ง จะถูกคํานวณก่อน Param Weight"
MIX_DIFFERENTIAL_DESCRIPTION,,"เลือกปริมาณการเคลื่อนไหวของช่อง"
MIX_OUTPUT_DESCRIPTION,,"เลือกช่องที่ต้องการ จากการตั้ง Mix นี้ค่ะ"
MIX_INPUT_DESCRIPTION,,"เลือกแหล่งควบคุมของ Mix นี้ค่ะ"
MIX_OPERATION_DESCRIPTION,,""เลือกประเภทฟังก์ชัน Add," Multiply หรือ Replace สําหรับการ Mix นี้ค่ะ"
MIX_REVERSE_DESCRIPTION,,"Reverse ทิศทางย้อนกลับทางของการควบคุม"
MIX_OFFSET_DESCRIPTION,,"เลือกจํานวน Offset จากจุดศูนย์กลาง"
MIX_WEIGHTUP_DESCRIPTION,,"เลือกการเคลื่อนไหวขึ้น"
MIX_WEIGHTDOWN_DESCRIPTION,,"เลือกการเคลื่อนลง"
MIX_SPEEDUP_DESCRIPTION,,"เลือกความเร็วขึ้น"
MIX_SPEEDDOWN_DESCRIPTION,,"เลือกความเร็วลง"
MIX_LOWPOSTRIM_DESCRIPTION,,"เปิดใช้งาน Low Position Trim เท่านั้น"
HELI_PITCH,,"Pitch"
HELI_GYRO,,"Gyro"
MISSING_THROTTLE,,"Model นี้ ไม่มีคันเร่งค่ะ"
SIX_POSITIONS_SWITCH,,"6-POS switch"
GYRO_X_AXIS,,"Gyro X axis"
GYRO_Y_AXIS,,"Gyro Y axis"
GYRO_LEFT,,"Gyro Left"
GYRO_RIGHT,,"Gyro Right"
GYRO_UP,,"Gyro Up"
GYRO_DOWN,,"Gyro Down"
AILERON_LETTER,,"A"
RUDDER_LETTER,,"R"
ELEVATOR_LETTER,,"E"
THROTTLE_LETTER,,"T"
NOT,,"NOT"
STICKY,,"Sticky"
MIDDLE,,"Middle"
NO_CHECK,,"ไม่มีการตรวจสอบ"
CUSTOM,,"Custom"
HOLD,,"Hold"
NO_PULSES,,"No pulses"
NOT_SET,,"ไม่ได้ตั้งค่า"
NO_ENGINE,,"ไม่มีเครื่องยนต์"
NO_FLAPS,,"ไม่มี Flaps"
NO_RUDDERS,,"ไม่มี Rudders"
NO_ELEVATORS,,"ไม่มี Elevators"
NO_AILERONS,,"ไม่มี Ailerons"
CHANNELS_1,,"ช่อง 1"
CHANNELS_2,,"ช่อง 2"
CHANNELS_3,,"ช่อง 3"
CHANNELS_4,,"ช่อง 4"
BEEP,,"Beep"
IN_RANGE,,"in range"
REPLACE,,"แทนที่"
USE_A_SOURCE,,"ใช้แหล่งที่มา"
CONVERT_TO_VALUE,,"แปลงเป็นค่า"
SPECIAL,,"พิเศษ"
MAXIMUM,,"ระดับสูงสุด"
MINIMUM,,"ระดับต่ำสุด"
MOMENTARY,,"ชั่วขณะหนี่ง"
TWO_POS,,"2-POS"
THREE_POS,,"3-POS"
GYRO_CALIBRATION_PLACE_LEVEL,,"วางวิทยุให้ได้ระดับ แล้วคลิกปุ่มด้านล่างเมื่อเสร็จแล้วค่ะ"
GYRO_CALIBRATION_LEFT,,"เอียงวิทยุไปทางซ้าย แล้วกดปุ่มด้านล่างเมื่อเสร็จแล้วค่ะ"
GYRO_CALIBRATION_RIGHT,,"เอียงวิทยุไปทางขวา แล้วกดปุ่มด้านล่างเมื่อเสร็จแล้วค่ะ"
GYRO_CALIBRATION_NOSE_UP,,"เงยวิทยุขึ้น แล้วกดปุ่มด้านล่างเมื่อเสร็จแล้วค่ะ"
GYRO_CALIBRATION_NOSE_DOWN,,"กดวิทยุลง แล้วกดปุ่มด้านล่างเมื่อเสร็จแล้วค่ะ"
DEFAULT,,"ค่าเริ่มต้น"
STRENGTH,,"ความแรง"
AM,,"AM"
PM,,"PM"
PLAY_VARIO,,"Play vario"
RF_ALWAYS_OFF,,"โหมดพิเศษ RF จะปิดอยู่เสมอ"
STAB_FUNC,,"Stable function"
RX_PROTOCOL,,"RX protocol"
NO_MAP,,"ไม่มีแผนที่"
DIRECTION,,"ทิศทาง"
CLOCKWISE,,"ตามเข็มนาฬิกา"
ANTICLOCKWISE,,"ทวนเข็มนาฬิกา"
PWM_PULSE_TYPE,,"PWM pulse type"
BASIC_CONFIG,,"กําหนดค่าพื้นฐาน"
RX1_MAP,,"แผนที่ RX1"
RX2_MAP,,"แผนที่ RX2"
RX3_MAP,,"แผนที่ RX3"
ALL_FREQUENCY,,"ทุกความถี่"
STICKS_NAME,,"ชื่อ Stick"
CHANNELS_COUNT,,"จํานวนช่อง"
OUTPUTS_COUNT,,"Outputs count"
EXT,,"Ext"
INT,,"Int"
PLACE_RECEIVER_LEVEL,,"วาง Receiver ของคุณในแนวนอน\n ด้านบนขึ้น"
PLACE_RECEIVER_LEVEL_REVERSE,,"วาง Receiver ของคุณในแนวนอน\n ด้านบนคว่ำลง"
PLACE_RECEIVER_LEFT,,"วาง Receiver ของคุณในแนวนอน\n Pins up."
PLACE_RECEIVER_RIGHT,,"วาง Receiver ของคุณในแนวนอน\n Pins down."
PLACE_RECEIVER_FORWARD,,"วาง Receiver ของคุณ legible\nlettering\n pins right."
PLACE_RECEIVER_BACKWARD,,"วาง Receiver ของคุณ not legible\nlettering\n pins left."
ADD_A_NEW_WEIGHT,,"เพิ่ม Weight ใหม่"
ADD_A_NEW_CURVE,,"เพิ่ม Curve ใหม่"
AUDIO,,"เสียง"
VOICE,,"เสียง"
PRIORITY,,"Priority"
VAR,,"Var"
VOLUME,,"ปรับเสียง"
SAVE_TO_FLASH,,"บันทึกลงใน Flash"
SAVE_TO_FLASH_MESSAGE,,"การตั้งค่าทั้งหมดถูกบันทึกลงใน Flash เรียบร้อยแล้วค่ะ"
TIMER_GENERATOR,,"Timer generator"
EDIT_SSS,,"Edit %s"
RESET_SSS,,"Reset %s"
OPTIONS_3DOTS,,"ตัวเลือก…"
QUESTION_COPY_CHANNEL_NAME,,"ช่องนี้ไม่มีชื่อ ต้องการคัดลอกชื่อของ Mix\n ไปยังช่องนี้มั้ยคะ"
FLY_BAR_LESS,,"Flybarless"
WING_RUD_ELE_AIL,,"Wing Rud+Ele+Ail"
WING_FLYING,,"Wing Delta Ail"
WING_VTAIL_AIL,,"Wing VTail Ail"
LEVEL,,"ระดับ"
LEVEL_REVERSED,,"ระดับ Reversed"
UPRIGHT,,"Upright"
UPRIGHT_REVERSED,,"Upright reversed"
WING_TYPE,,"ประเภทปีก"
MOUNTING_TYPE,,"ประเภทการติดตั้ง"
SXR_ENABLE,,"เปิดใช้งาน SXR"
AIL_INVERTED,,"Ail inverted"
AIL2_INVERTED,,"Ail2 inverted"
ELE_INVERTED,,"Ele inverted"
ELE2_INVERTED,,"Ele2 inverted"
RUD_INVERTED,,"Rud inverted"
AUX1_ENABLE,,"เปิดใช้งาน AUX1"
AUX2_ENABLE,,"เปิดใช้งาน AUX2"
QUICK_MODE,,"โหมดด่วน"
SELF_CHECK,,"ตรวจสอบตัวเอง"
STAB_GAIN_OF_AIL,,"Stabilize gain of Ail"
STAB_GAIN_OF_ELE,,"Stabilize gain of Ele"
STAB_GAIN_OF_RUD,,"Stabilize gain of Rud"
AUTO_LEVEL_GAIN_OF_AIL,,"Auto Level gain of Ail"
AUTO_LEVEL_GAIN_OF_ELE,,"Auto Level gain of Ele"
HOVER_GAIN_OF_ELE,,"Hover gain of Ele"
HOVER_GAIN_OF_RUD,,"Hover gain of Rud"
KNIFE_EDGE_GAIN_OF_AIL,,"Knife-edge gain of Ail"
KNIFE_EDGE_GAIN_OF_RUD,,"Knife-edge gain of Rud"
AUTO_LEVEL_OFFSET_OF_AIL,,"Auto level offset angle of Ail"
AUTO_LEVEL_OFFSET_OF_ELE,,"Auto level offset angle of Ele"
HOVER_OFFSET_ANGLE_OF_ELE,,"Hover offset angle of Ele"
HOVER_OFFSET_ANGLE_OF_RUD,,"Hover offset angle of Rud"
KNIFE_EDGE_OFFSET_OF_AIL,,"Knife-edge offset angle of Ail"
KNIFE_EDGE_OFFSET_OF_RUD,,"Knife-edge offset angle of Rud"
OUTPUT_VOLTAGE,,"Output voltage"
LIPO_VOLTAGE,,"Lipo voltage"
RB_10_20,,"RB 10/20"
ALTITUDE_DATA_RATE,,"Altitude data rate"
VARIO_DATA_RATE,,"Vario data rate"
CURRENT_DATA_RATE,,"Current data rate"
VOLTAGE_DATA_RATE,,"Voltage data rate"
RPM,,"RPM"
POLES_COUNT,,"Poles count"
NEED_FIRMWARE_UPDATE,,"ต้องการ Update Firmware "
SYSTEM_VALUE,,"ค่าของระบบ"
GPS_CLOCK,,"GPS clock"
RACING_MODE_ACTIVE,,"โหมดแข่ง ใช้งานอยู่"
RACING_MODE_IS_UNSUPPORTED,,"ไม่รองรับ โหมดแข่ง"
POTS_SLIDERS,,"Pots / Sliders"
STICKS_POTS_SLIDERS,,"Sticks / Pots / Sliders"
WRITE_INTERVAL,,"Write interval"
TX_BATT,,"TxBatt"
AVERAGE,,"Average"
TOTALIZE,,"Totalize"
CELL,,"Cell"
CONSUMPTION,,"Consumption"
DISTANCE,,"ระยะทาง"
FALLING_EDGE_OF_SSS_BETWEEN_SSS_AND_SSS,,"Pulse of %s ระหว่าง %s และ %s"
RISING_EDGE_OF_SSS_DURING_SSS,,"%s after ?Edge of %s"
FALLING_EDGE_OF_SSS_DURING_SSS,,"Edge of %s during %s"
FALLING_EDGE_OF_SSS,,"?Edge of %s"
RISING_EDGE_OF_SSS,,"?Edge of %s"
STALL,,"Stall"
EDITABLE_SRV_DDD_CURR,,"SRV%d curr"
EDITABLE_SRV_DDD_VOLT,,"SRV%d volt"
EDITABLE_SRV_DDD_TEMP,,"SRV%d temp"
CONDITION,,"เงื่อนไข"
TIMER_LOGS,,"บันทึกจับเวลา"
SAVE_TO_SD,,"บันทึกไปยัง SD"
CLEAR_LOGS,,"ล้างค่าการบันทึกใน Logs"
TITLE,,"ชื่อเรื่อง"
LOWEST,,"ต่ำสุด"
COUNT,,"นับ"
HIGHEST,,"สูงสุด"
BLADES,,"Blades"
MAINGEAR_TEETH,,"Maingear teeth"
PINION_TEETH,,"Pinion teeth"
GEAR,,"Gear"
PROPELLER,,"ใบพัด"
FLIGHT_VALUE,,"Flight value"
CURRENT_FLIGHT_MODE,,"Current F.M."
NO_DESTINATION,,"ปลายทางไม่มี"
ENT_LONG,,"ENT Long"
RX_STILL_ON_TURN_OFF_TRANSMITTER,,"Rx ยังส่งสัญญาณอยู่ จะปิดวิทยุมั้ยคะ"
CONFIRM_RESET_SENSOR,,"ค่าของ Sensor นี้จะถูก Reset จะดําเนินการต่อมั้ยคะ"
GPS_MAP,,"แผนที่ GPS"
MAP,,"แผนที่"
SYSTEM_EVENT,,"System event"
RSSI_LOW,,"RSSI ต่ำ"
TRAINER_ACTIVE,,"Trainer เปิดใช้งานอยู่"
MULTIPLIER,,"Multiplier"
VERTICAL,,"Vertical"
HORIZONTAL,,"Horizontal"
TOTAL,,"ทั้งหมด"
CELLS,,"Cells"
MULTI_LIPO,,"Multi LiPo"
LIPO,,"LiPo"
LINE_CHART,,"Line chart"
LOG_PERIOD,,"ระยะเวลาการบันทึก"
RESUME,,"ทำต่อไปค่ะ"
PAUSE,,"หยุดชั่วคราวค่ะ"
AUTO_RANGE,,"Auto range"
LOCK,,"Lock"
Xx2POS,,"{HARDWARE_FUNCTION_SWITCHES} x 2-Pos"
XPOS_WITH_OFF,,"{HARDWARE_FUNCTION_SWITCHES}-Pos with OFF"
XPOS,,"{HARDWARE_FUNCTION_SWITCHES}-Pos"
2xXPOS,,"2 x {HARDWARE_FUNCTION_SWITCHES_PER_SIDE}-Pos"
GLOBAL,,"Global"
_2DOTS,,": "
SUMMARY,,"สรุป"
CONFIRM_STOP_USING_CURVE,,"จะหยุดใช้ Curve นี้มั้ยคะ"
CONFIRM_STOP_USING_RATE,,"จะหยุดใช้ Rate นี้มั้ยคะ"
PATTERN,,"รูปแบบ"
LAST_POSITION,,"ตําแหน่งสุดท้าย"
SLEEP_BRIGHTNESS,,"ความสว่างของโหมด Sleep"
TOP_LCD_SLEEP,,"ด้านบนชองจอ LCD "
VIEW_PER_CHANNEL,,"ดูต่อ Channel"
VIEW_TABLE,,"มุมมองตาราง"
GENERAL,,"ทั่วไป"
RX_STILL_ON_TURN_OFF_RF,,"Receiver ยังเชื่อมต่ออยู่ จะดําเนินการต่อมั้ยคะ"
LOAD_ALL_FUNCTION_SWITCH_POSITIONS,,"ถ่าย Function การทำงานของ Switch ทั้งหมด"
CONFIRM_LOAD_ALL_FUNCTION_SWITCH_POSITIONS,,"จะแทนที่ตําแหน่ง FS ทั้งหมดด้วยตําแหน่งปัจจุบัน จะดําเนินการต่อมั้ยคะ"
STORAGE_LOCATION,,"ที่จัดเก็บ"
RADIO,,"วิทยุ"
MODELS,,"Models"
USER_BITMAPS,,"User bitmaps"
SCRIPTS,,"ชุดคำสั่ง Scripts"
LOGS,,"ข้อมูลทีบันทึก"
SCREENSHOTS,,"ภาพหน้าจอ"
PRESSURE,,"ภาพหน้าจอ"
COLOR,,"สี"
CONFIRM_CLEAR_CHANNEL_DDD_NAME,,"ช่อง %d ไม่ได้ถูกใช้โดย Mix อื่นๆ จะล้างชื่อมั้ยคะ"
CONFIRM_CLEAR_CHANNELS_SSS_NAME,,"ช่อง %s ไม่ได้ถูกใช้โดย Mix อื่นๆ จะล้างชื่อมั้ยคะ"
CHANNEL_SBUS_VALUE_LIMIT_WARNING,,"ค่า Channe ช่องใหม่เข้ากันไม่ได้กับ SBUS จะทำต่อมั้ยคะ"
VOLTAGE,,"Voltage"
SAVE_TO_FILE,,"บันทึกลงใน File ค่ะ"
FLASH_VIDEO_COMPONENT,,"Flash ส่วนประกอบของ video"
RX_BAT_VOLTAGE,,"RX battery voltage"
RX_BAT_2_VOLTAGE,,"RX battery 2 voltage"
EXT_ADC_VOLTAGE,,"External ADC voltage"
BOARD_CURRENT,,"Board current"
POWER_ON_RESET,,"Power On reset"
PIN_RESET,,"Pin reset"
WAKE_UP_RESET,,"Wake Up reset"
WATCHDOG_RESET,,"Watchdog reset"
LOCKUP_RESET,,"Lockup reset"
BROWN_DOWN_DET_RESET,,"Brown down detection reset"
RX_RESET_CASE,,"RX reset case"
OPERATION_ASSIGN,,"Assign(=)"
OPERATION_ADD,,"Add(+)"
OPERATION_SUBTRACT,,"Subtract(-)"
OPERATION_MULTIPLY,,"Multiply(*)"
OPERATION_DIVIDE,,"Divide(/)"
SQRT,,"Sqrt"
REPURPOSE,,"Repurpose"
SENSOR_CONFLICT_WARNING,,"คําเตือน เกิดขัดแย้งระหว่าง Sensor "
NIGHTLY_BUILD_NOT_FOR_FLYING,,"Nightly build ไม่ใช่สําหรับบิน!"
READING_FILE,,"กำลังอ่าน File อยู่ค่ะ"
NOT_ENOUGH_MEMORY,,"หน่วยความจําไม่เพียงพอนะคะ"
CLEAN_LOGS,,"Clean logs"
CONFIRM_CLEAN_LOGS,,"จะลบไฟล์ .csv ทั้งหมดภายใต้ไดเร็กทอรีนี้ จะทำต่อมั้ยคะ"
CLEANING_LOGS,,"กำลังลบ Logs File อยู่"
PAUSE_CONDITION,,"เงื่อนไข หยุดชั่วคราว"
RESET_SETTINGS,,"Reset การตั้งค่า"
SWAP_CHANNELS,,"สลับ Channel กัน"
CONFIRM_RESET_SETTINGS,,"ค่าที่ตั้งไว้ จะถูกรีเซ็ตเป็นค่าเริ่มต้น จะทำต่อมั้ยคะ"
CONFIRM_SWITCH_EXTERNAL_MODULE,,"ขณะนี้ได้ใช้ External module ทุกอย่างจะต้องหยุดลง จะทำต่อมั้ยคะ"
CONFIRM_SWITCH_TRAINER,,"ตอนนี้ Trainer กําลังใช้  External module ทุกอย่างจะต้องหยุดลง จะทำต่อมั้ยคะ"
COMPETITION_OPTION,,"Competition (RSSI / Batt)"
CONFIRM_BLUETOOTH_USED_BY_SSS,,"ขณะนี้ Bluetooth ถูกใข้โดย % ทุกอย่างจะต้องหยุด จะทำต่อมั้ยคะ"
BOTH_MODULES,,"Modules ทั้งสอง"
SPORT_CONNECTOR,,"ขั้วต่อ S.Port"
CONFIRM_SPORT_USED_BY_SSS,,"ขั้วต่อ S.Port กำลังใช้งานอยู่ จะทำต่อมั้ยคะ"
TRAINER_CABLE,,"สาย Trainer"
BLUETOOTH,,"Bluetooth"
SBUS_EXTERNAL_MODULE,,"SBUS external module"
CPPM_EXTERNAL_MODULE,,"CPPM external module"
LUA_TASKS,,"Lua tasks"
LUA_SOURCES,,"Lua sources"
MISSING_SCRIPT_FILE,,"ชุดคำสั่งย่อย Script หายไปค่ะ"
BITMAP,,"Bitmap"
BITMAP_TYPE,,"Bitmap type"
BITMAP_FILE,,"Bitmap file"
FILE_PATH,,"เส้นทาง File"
TEXT,,"ข้อความ"
DOCUMENTS,,"เอกสาร"
USB_MODE_PRESELECTION,,"USB mode preselection"
USB_MODE,,"USB mode"
JOYSTICK,,"Joystick"
SERIAL,,"Serial"
SELECT_MODEL_AT_POWER_ON,,"เลือก Model เมื่อตอนเปิดเครื่อง"
LOAD_MODEL,,"Load model"
TELEMETRY_ACTIVE,,"Telemetry active"
FLIGHT_RESET,,"Flight reset"
TRIP_RESET,,"Trip reset"
THROTTLE_ACTIVE,,"Throttle active"
SEND_FILE,,"ส่ง File"
FILE_TRANSFER,,"โอนถ่าย File "
RECEIVE_FILE,,"จะวาง File ไว้ที่นี่ค่ะ "
WAITING_FOR_CONNECTION,,"กําลังรอการเชื่อมต่ออยู่ค่ะ"
CONNECTION_REFUSED,,"Connection refused"
WAITING_FOR_RECEIVER_CONFIRMATION,,"กําลังรอการยืนยันจาก Receiver ค่ะ"
FILE_TRANSFER_FAILED,,"มาสามารถ โอนถ่ายไฟล์ได้ค่ะ"
CONFIRM_RECEIVE_FILE_SSS_IN_FOLDER_SSS_SIZE_IS_SSS,,"กําลังจะรับ File %s ไปยัง Folder %s ขนาดของ File คือ %s"
CONFIRM_OVERWRITE_FILE_SSS_IN_FOLDER_SSS_SIZE_IS_SSS,,"กำลังจะเขียนทับ File %s ไปยัง Folder %s ขนาดของ File คือ %s"
SENDING_SSS,,"ส่ง %s "
RECEIVING_SSS,,"รับ %s "
COUNTING_SOURCE,,"% timing source"
SEND_MODEL,,"Send model"
RECEIVE_MODEL,,"Receive model"
ARE_YOU_USING_A_FRSKY_SELF_STAB_RECEIVER,,"กำลังใช้ Self-Stab Receiver จาก FrSky หรือไม่"
EMERGENCY,,"ฉุกเฉิน"
GAIN_ADJUST,,"Gain adj."
UNIT_KNOT,,"knots"
UNIT_MILLILITER_PER_PULSE,,"ml/p"
UNIT_RPM,,"r/m"
ASSIGN_INPUT_HINT,,"กรุณากําหนด Input Sources สําหรับ Functions ต่อไปนี้ค่ะ"
CONFIRMATION,,"ยืนยันมั้ยคะ"
ENABLE_XXX,,"เปิด ใช้งาน %s มั้ยคะ"
DISABLE_XXX,,"ปิด ใช้งาน %s มั้ยคะ"
CONFIRMATION_BEFORE_ACTIVE,,"ยืนยัน ก่อนใช้งานค่ะ"
CONFIRMATION_BEFORE_INACTIVE,,"ยืนยัน ก่อนเลิกใช้งานค่ะ"
REMOTE_NFC,,"Remote NFC"
SWITCH_CHANNEL,,"สลับ Channel กัน"
WIRELESS,,"Wireless"
TIMEOUT,,"หมดเวลาค่ะ"
NO_ENABLED_MODULE,,"เปิดใช้งาน Module ที่ต้องการจะ Bind กับ NFC"
GET_MODULE_UUID_FAILED,,"ไม่สามารถรับ UUID ของ Module ได้\n โปรดตรวจสอบสถานะของ Module ด้วย"
BIND_NFC_FAILED,,"ไม่สามารถ Bind NFC กับ Module ได้ค่ะ"
PROTOCOL_NOT_SUPPORTED,,"Module Protocol ไม่รองรับค่ะ "
CONFIRM_DELETE_TRIM,,"จะลบ Extra Trim นะคะ"
LEFT_STICK,,"Left stick"
RIGHT_STICK,,"Right stick"
ALL_MOTORS,,"All motors"
SELECT,,"เลือกค่ะ"
SINGLE_MOTOR,,"Single motor"
STICK_MOTORS,,"Stick motors"
CONFIRM_DELETE_ACTION,,"จะลบการตั้งค่านี้นะคะ"
CONFIRM_DELETE_SCREEN,,"จะลบหน้าจอนี้นะคะ"
CONFIRM_DELETE_SENSOR,,"จะลบ Sensor นี้ออกนะคะ"
FILE_ALREADY_EXISTS,,"มีไฟล์ชื่อนี้อยู่ค่ะ"
MODEL_RUNTIME,,"Model runtime"
RADIO_RUNTIME,,"Radio runtime"
WAITING_FOR_SIGNAL,,"กําลังรอสัญญาณค่ะ"
CONFIRM_RESET_RUNTIME,,"Runtime จะถูกรีเซ็ต\n จะทำต่อมั้ยคะ"
BANK,,"Bank"
POWER_SWITCH,,"Switch เปิด"
CURRENT_AND_VOLTAGE_RATE,,"Current & voltage rate"
BEC_VOLTAGE_RATE,,"BEC voltage rate"
SBEC_VOLTAGE,,"SBEC voltage"
BATTERY_MODE,,"Battery mode"
SWITCH_VOLTAGE,,"Switch voltage"
BALANCE,,"Balance"
BACKUP,,"Backup"
BALANCE_CHANNELS,,"Balance channels"
CHOOSE_CHANNELS,,"เลือกช่อง"
BALANCE_CURVE,,"Balance curve"
CONFIRM_TO_SHARE_RECEIVER,,"จะ share Receiver นี้นะคะ"
CONFIRM_TO_UNBIND_RECEIVER,,"จะยกเลิกการ Bind กับ Receiver ตัวนี้นะคะ"
CONFIRM_FRSK_NOT_COMPATIBLE,,"This FRSK file is not compatible with your device.\nAre you sure you want to continue?"
RX_VFR,,"Rx VFR"
SMOKE_PUMP_VOLTAGE,,"S.P voltage"
SMOKE_PUMP_CURRENT,,"S.P current"
SMOKE_PUMP_TEMPERATURE,,"S.P temp"
SMOKE_PUMP,,"Smoke pump"
SOLENOID_VALVE,,"Solenoid valve"
BIND_CARD,,"Bind card"
WAITING_FOR_NFC_CARD,,"Please hold the NFC key close to the RemoteNFC panel for binding ..."
BIND_CARD_SUCCESS,,"Bind NFC card successfully!"
BIND_CARD_FAIL,,"NFC card is not successfully bound!"
BUS_INVERT,F.Bus and F.Port inverted on receiver (Yes / No),"Bus invert"
SBEC_INPUT_VOLT,,"SBEC input volt."
OVER_CURRENT,,"Over current"
READ_MAG_ERROR,,"Read mag error"
LOW_VOLTAGE,,"Low voltage"
UNKNOWN_ERROR,,"Unknown error"
WORKING_MODE,,"Working mode"
ANGLE_MODE,,"Angle mode"
RANGE_MODE,,"Range mode"
ROTATE_MODE,,"Rotate mode"
XACT_RANGE,,"Range (Range mode only)"
XACT_MAX_ANGLE,,"Max angle (Angle mode only)"
POT_GAP,,"Pot gap"
EDITABLE_SRV_DDD_VELOCITY,,"SRV%d vel"
EDITABLE_SRV_DDD_STATE,,"SRV%d state"
EDITABLE_SRV_DDD_POS,,"SRV%d pos"
GEAR_CHANNEL,,"Gear channel"
GEAR_OPERATING_VOLTAGE,,"Gear operating voltage"
DOOR_OPERATING_VOLTAGE,,"Door operating voltage"
REAR_DOOR_MODE,,"Rear door mode"
NOSE_DOOR_MODE,,"Nose door mode"
LEFT_GEAR_STALL_CURRENT,,"Left gear stall current"
RIGHT_GEAR_STALL_CURRENT,,"Right gear stall current"
NOSE_GEAR_STALL_CURRENT,,"Nose gear stall current"
LEFT_GEAR_INVERT,,"Left gear inverted"
RIGHT_GEAR_INVERT,,"Right gear inverted"
NOSE_GEAR_INVERT,,"Nose gear inverted"
DOOR_SPEED,,"Door speed"
NOSE_DOOR_CLOSE_VALUE,,"Nose door close value"
NOSE_DOOR_OPEN_VALUE,,"Nose door open value"
RIGHT_DOOR_CLOSE_VALUE,,"Right door close value"
RIGHT_DOOR_OPEN_VALUE,,"Right door open value"
LEFT_DOOR_CLOSE_VALUE,,"Left door close value"
LEFT_DOOR_OPEN_VALUE,,"Left door open value"
DELAY_AFTER_DOOR_OPEN,,"Delay after door open"
DELAY_BEFORE_DOOR_CLOSE,,"Delay before door close"
DOORS_CALIBRATION,"None","Doors calibration"
DOORS_POSITIONS_RESET,"None","Doors positions reset"
RESET_DOORS_POSITIONS,,"Reset doors positions"
BRAKE_CHANNEL,,"Brake channel"
BRAKE_OPERATING_VOLTAGE,,"Brake operating voltage"
RIGHT_BRAKE_FORCE,,"Right brake force"
LEFT_BRAKE_FORCE,,"Left brake force"
BRAKE_VELOCITY_THRESHOLD,,"Brake velocity threshold"
GEAR_UP_BRAKE_FORCE,,"Gear up brake force"
BRAKE_STABILIZER_WEIGHT,,"Brake stabilizer weight"
STEERING_CHANNEL,,"Steering channel"
STEERING_RANGE,,"Steering range"
HEADING_HOLD,,"Heading hold"
STABILIZED,,"Stabilized"
STEERING_STABILIZER_MODE,,"Steering stabilizer mode"
STEERING_STABILIZER_GAIN,,"Steering stabilizer gain"
STEERING_STABILIZER_DIRECTION,,"Steering stabilizer direction"
STEERING_TRIM,,"Steering trim"
STALL_CURRENT,,"Stall current"
END_CALIBRATION,,"End calibration"
END_CALIBRATION_MESSAGE,,"Ending calibration, please wait until dialog is closed ..."
PGC_CALIBRATE_MESSAGE,,"Please press the calibration direction button to begin calibration. Press Stop when indicated by the real-time status from the PGC."
STOP,,"Stop"
NOSE_DOOR,,"Nose door"
LEFT_DOOR,,"Left door"
RIGHT_DOOR,,"Right door"
CALIBRATE_CLOSE_POSITION,,"Calibrate close position"
CALIBRATE_OPEN_POSITION,,"Calibrate open position"
