TRANSLATION_NAME,Slovensky
TRANSLATION_KEY,sk
SPECIAL_CHARS,áčéíľřťúý_-+.
FORMULA,Vzorec
CALCULATED_SENSOR,Vypočítaný senzor
NAME,Názov
DECIMALS,Desatiny
VALUE,Hodnota
SENSOR_LOST_WARNING_DELAY,Varovanie strateného senzoru
WARNING_DISABLED,Varovania vypnuté
RANGE,Rozsah
SPACE_WITH_SAMPLES,vzoriek
RESET,Reset
TELEMETRY_SENSOR,Telemetrický senzor
UNIT,Jednotka
WRITE_LOGS,Logovať
ID,ID
CENTER,Stred
SUBTRIM,Subtrim
PWM_CENTER,PWM Stred
NORMAL,Normál
EQUAL,Zhodné
UNPLUGGED,Odpojené
BEHAVIOUR,Chovanie
ADD_NEW_BEHAVIOUR,Pridať nové chovanie
ADD_EXTRA_TRIM,Pridať extra trim
EXTRA_TRIM,Extra trim
SLOW_UP,Spomalenie ↑
MIN,Min
CURVE,Krivka
MAX,Max
CHANNEL,Kanál
INVERT,Invertovať,Invert
SLOW_DOWN,Zpomalenie ↓
INVERTED,Invertovaný
FLIGHT_MODES,Letové režimy
MIX_FLIGHT_MODES_DESCRIPTION,Popis mixovaných letových režimov
MIX_NAME_DESCRIPTION,Upraviť názov mixu
TRIGGER_ON_CONDITION,Podmienka spustenia
COMMENT,Poznámka
FUNCTION,Funkcia
VALUES,Hodnoty
ADD_NEW_VALUE,+ Pridať novú hodnotu
ACTIONS,Akcia
ADD_NEW_ACTION,+ Přidať novú akciu
DURATION_HIGH,Doba trvania aktivity
RISING_EDGE,Stúpanie hrany
DURING,Počas
VALUE1,Hodnota 1
VALUE_X,Hodnota (X)
CHECK_INTERVAL,Interval kontroly
ACTIVE_CONDITION,Aktívny stav
MIN_DURATION,Min. doba trvania
MAX_DURATION,Max. doba trvania
DURATION_LOW,Doba trvání neaktivity
VALUE2,Hodnota 2
DELAY_BEFORE_ACTIVE,Oneskorenie pred aktiváciou
DURATION,Trvanie
SOURCE_A,Zdroj (A)
TRIGGER_OFF_CONDITION,Podmienka vypnutia
DELAY_BEFORE_INACTIVE,Oneskorenie pred deaktiváciou
DELAY_ON_OFF,Oneskorenie ON / OFF
SOURCE,Zdroj
APPLICATION_ID,Aplikačné ID
PHYSICAL_ID,Fyzické ID
ACTION,Akcia
TRAINER,Trenér
TRAINER_MODE,Režim trenér
CHANNEL_RANGE,Rozsah kanálov
CH,CH
OUTPUTS,Výstupy
LAST_MODIFICATION,Posledná úprava
CLONE,Klonovať
MODEL_MATCH,Model ID
MODEL_DATA_LOAD,Dáta modelu nahrané
FILE_SIZE,Veľkosť súboru
MODEL_SELECT,Výber modelu
NO_MODELS_DIRECTORY,Neexistuje adresár modelov
ARE_YOU_SURE_YOU_WANT_TO_DELETE_THIS_MODEL,"Ste si istý, že chcete odstrániť tento model?"
SUCCESS,Hotovo!
CLONE_MODEL_SUCCESSFULLY,Model je úspešne skopírovaný
FILENAME_TOO_LONG,Názov súboru je príliš dlhý!
RX_STILL_ON_SELECT_ANOTHER_MODEL,"Prijímač je stále zapnutý, ste si istý prepnutím modelu?"
CONFIRM_SELECT_ANOTHER_MODEL,Ste si istý že chcete vybrať iný model?
FILE_NAME,Názov súboru
MODEL_TYPE,Typ modelu
CONFIRM,Potvrdiť
SET_CURRENT_MODEL,Zvoliť model
UNCATEGORIZED,Nezaradené
CHANGE_FOLDER,Zmeniť adresár
OPERATION,Operácia
OPERATION_FAILED,Operácia zlyhala!
DELETE_FOLDER,Zmazať adresár
RENAME_FOLDER,Premenovať adresár
CREATE_FOLDER,Vytvoriť adresár
CONFIRM_DELETE_FLIGHT_MODE,Skutočne chcete odstrániť tento letový režim?
MOVE,Posunúť
EDIT,Upraviť
ADD,Pridať
TELEMETRY_PORT,Telem. port
WARNING,Varovanie
ERRORS,Chyby
OPTIONS,Možnosti
CONFIGURE,Konfigurovať
WAITING_FOR_RECEIVER,Čakám na prijímač...
PIN,Pin
TELEMETRY,Telemetria
RX_SETTINGS,Nastavenie RX
NO_RESPONSE_FROM_RECEIVER,Prijímač neodpovedá
SBUS_OUT,SBUS Out
SBUS_IN,SBUS In
TELEMETRY_25_MW,Telemetria 25mW
HIGH_PWM_SPEED,Vysoká rýchlosť PWM
FLIGHT_DATA_RECORDER,Čierna skrinka
RX_HAS_NO_FLIGHT_DATA_RECORD,Prijímač nemá nahrané žiadne dáta.
DEVICE_CONFIG,"Device config"
CONFIRM_DELETE_TIMER,Skutočne chete odstrániť tieto stopky?
TIMER,Stopky
MODE,Režim
PASTE,Vložiť
TIMERS,Stopky
COPY,Kopírovať
NO_TIMER_HINT,Žiadne stopky. Prosím zvolte tlačidlo pridať pre vytvorenie!
ANTENNA,Anténa
POWER_HAS_BEEN_CHANGED_PLEASE_REBIND,"Výkon bol zmenený, prosím prepárujte!"
NO_RESPONSE_FROM_MODULE,Modul neodpovedá!
POWER,Výkon
BAUDRATE,Prenosová rýchlosť
WAITING_FOR_MODULE,Čakám na modul...
TX_SETTINGS,Nastavenie TX
MIXES,Mixér
CHANNELS,Kanály
FLIGHT_MODE,Letový režim
D,V
CONFIRM_DELETE_MIX,Skutočne chcete odstániť tento mix?
CONFIRM_DELETE_SSS,Are you sure you want to delete %s
NONE,Žiadny
NO_MIX_HINT,Žiadny mix. Prosím zvolte tlačidlo pridať pre vytvorenie!
TYPE,Typ
SHARE,Sdílet
RX,RX
RACING_MODE,Pretekársky mód
RANGE_CHECK,Kontrola dosahu
EXTERNAL_MODULE,Externý modul
BIND_OK,Párovanie OK
BINDING_3DOTS,Párovanie...
BIND,Párovať
FAILSAFE,Failsafe
INTERNAL_MODULE,Interný modul
SET_FAILSAFE,Nastavenie failsafe
RESET_BIND,Zrušenie párovania
FACTORY_RESET,Továrenský reset
RF_SYSTEM,RF systém
OWNER_REGISTRATION_ID,Registračné ID vlastníka
SELECT_DEVICE,Výber zariadenia
REGISTER,Registrovať
VALID_FRAME_RATE,VFR
STATE,Stav
PROTOCOL,Protokol
ARE_YOU_SURE_TO_RESET_THIS_RECEIVER,Skutočne chete resetovať tento prijímač?
SET,Nastaviť
EXPO,Expo
UNIT_POINTS_COUNT,Jednotka bodov
WEIGHT,Váha
POINTS,Body
OFFSET,Offset
AUTO_OFFSET,Auto offset
OFFSET_WHEN_ACTIVE,"Offset, když je line aktivní"
OFFSET_WHEN_INACTIVE,"Offset, když je line neaktivní"
SMOOTH,Vyhladenie
POINT,Bod
POINTS_COUNT,Počet bodov
EASY_MODE,Jednoduchý režim
LOGIC_SWITCHES,Logické spínače,Logic sp.
ARE_YOU_SURE_YOU_WANT_TO_DELETE_THIS_LOGIC_SWITCH,Skutočne chcete odstrániť tento logický spínač?
NO_LOGIC_SWITCH_HINT,Žiadny logický spínač. Prosím zvolte tlačidlo pridať pre vytvorenie!
START_CONDITION,Podmienka štartu
STOP_CONDITION,Podmienka zastavenia
TIMER_EDIT,Úprava časovača
PERSISTENT,Trvalý
START_VALUE,Štartovacia hodnota
AUDIO_ACTIONS,Zvukové akcie
AUDIO_ACTION,Zvuková akcia
ADD_A_NEW_AUDIO_ACTION,Pridať novú zvukovú akciu
ALARM_VALUE,Alarmová hodnota
HAPTIC,Vibrovanie
COUNTDOWN,Odpočítavanie
BEEP_COUNTDOWN,Beep odpočítavanie
START,Štart
PLAY_FILE,Prehráť súbor
SPACE_WITH_OTHERS, jiné...
CONFIRM_DELETE_CURVE,Potvrdte odstránenie krivky
CURVE_USED_BY,Táto krivka je použitá v týchto mixoch:
AND_WITH_TWO_SPACES, a 
CURVES,Krivky
VARS,Premenné
NO_VAR_HINT,"Zatiaľ bez premenných. Ak chcete vytvoriť, stlačte tlačidlo Pridať!"
ARE_YOU_SURE_YOU_WANT_TO_DELETE_THIS_VAR,Skutočne chcete odstrániť túto premennú?
NO_CURVE_HINT,"Žiadna krivka. Ak chcete vytvoriť, stlačte tlačidlo Pridať!"
CONFIRM_RESET_MIXES,Potvrdte odstránenie mixov.
ELEVATORS,Výškovky
YAW,Otáčanie
SWASH_PLATE,Cyklika
EDIT_MODEL,Upraviť model
PICTURE,Obrázok
TAIL,Chvost
AILERONS,Krídelká
PITCH,Klopenie
THROTTLE,Plyn
FLAPS,Klapky
ENGINE,Motor
RUDDERS,Smerovky
ROLL,Náklon
FUNCTION_SWITCHES,Funkčné přepínače
RESET_ALL_MIXES,Reset všetkých mixov
CREATE_CALCULATED_SENSOR,Vytvoriť vypočítaný senzor
CONFIRM_DELETE_SENSORS,Potvrďte vymazanie senzorov
ON,Zap
OFF,Vyp
DISCOVER_NEW_SENSORS,Vyhľadávanie nových senzorov
DELETE_ALL,Odstrániť všetko
CREATE_DIY_SENSOR,Vytvoriť DIY senzor
CONFIRM_LOAD_ALL_SWITCH_POSITIONS,Potvrďte náčítanie pozícií všetkých prepínačov
CHECK_FUNCTION,Kontrola funkcie
LOAD_ALL_SWITCH_POSITIONS,Načítať pozície všetkých prepínačov
CONFIRM_LOAD_ALL_POT_POSITIONS,Potvrďte náčítanie pozícií všetkých potenciometrov
LOAD_ALL_POT_POSITIONS,Načítanie pozícií všetkých potenciometrov
CALIBRATION_FINISH,Kalibrácia ukončená!
SXR_CALIBRATION,Kalibrácia SxR
CLICK_WHEN_DONE,Hotovo
CALIBRATING,Kalibrujem...
SXR_CALIBRATION_DESCRIPTION,Popis kalibrácie SxR
SLAVE_CH,Podriadený CH
PERCENT,Percent
DESTINATION,Cieľ
ENABLE,Zap
NO_FUNCTION_HINT,"Žiadna funkcia. Ak chcete vytvoriť, stlačte tlačidlo Pridať!"
SPECIAL_FUNCTIONS,Špeciálne funkcie
SF,SF
DISABLE,Vyp
ARE_YOU_SURE_YOU_WANT_TO_DELETE_THIS_SPECIAL_FUNCTION,Skutočne chcete odstrániť túto špeciálnu funkciu?
REGISTRATION_OK,Registrácia OK
UID,UID
REGISTRATION_ID,Registračné ID
RX_NAME,Názov RX
RECEIVER_CONNECTED,Prijímač pripojený
REGISTRATION,Registrácia
TRIMS,Trimy
FADE_IN,Náběh
FADE_OUT,Sestup
AUTO_DETECT,Autodetekcia
DISPLAY_DECIMALS_AND_UNIT,Presnosť zobrazenia / jednotka
SELECT_SENSOR,Vyberte senzor
DIY_SENSOR,DIY senzor
WAITING,Čakám
BAND,Pásmo
RATIO,Pomer
MODULE,Modul
PROTOCOL_DECIMALS_AND_UNIT,Presnosť protokolu / jednotka
CROSS_TRIM,Přiřazení trimů
MOVE_TRIM_TO_SUBTRIM,Presunúť trim do subtrimu
INSTANT_TRIM,Okamžitý trim
CONFIRM_MOVE_TRIM_TO_SUBTRIM,Potvrdte presun trimu do subtrimu
MOVE_TRIMS_TO_SUBTRIMS,Presunúť trimy do subtrimov
CONFIRM_MOVE_TRIMS_TO_SUBTRIMS,Potvrdte presun trimov do subtrimov
INDEPENDENT_PER_FLIGHT_MODE,Individuální trim podle let. režimu
STICK,Páka
CONFIGURE_SCREENS,Nastavenie obrazoviek
TOP_SCREEN,Horná obrazovka
CHANGE_LAYOUT,Zmeniť rozmiestnenie
FULL_SCREEN,Celá obrazovka
WIDGET,Widget
SET_MAIN_SCREEN,Nastaviť hlavnú obrazovku
CONFIGURE_WIDGET,Konfigurovať widget
NEW_SCREEN,Nová obrazovka
SCREEN,Obrazovka
CHANGE_WIDGET,Zmeniť Widget
MOVE_FORWARD,Posunúť dopredu
MOVE_BACKWARD,Posunúť dozadu
RESET_FLIGHT,Resetovať let
RESET_TIMERS,Resetovať stopky
RESET_TELEMETRY,Resetovať telemetriu
HOME,Domov
ADD_AFTER,Pridať za...
ADD_MIX_FAILED,Pridánie mixu zlyhalo
MAX_MIXES_REACHED,Bol dosiahnutý maximálny počet mixov
FIRST_POSITION,Prvá pozícia
MIXES_LIBRARY,Knižnica mixov
LOCAL_ADDRESS,Miestna adresa
WAITING_FOR_DEVICES,Čakám na zariiadenia...
LOCAL_NAME,Miestny názov
SEARCH_DEVICES,Hladať zariadenie
BLUETOOTH_DEVICE_CONNECTED,Zariadenie bluetooth pripojené
CONNECT_LAST_DEVICE,Pripojiť posledné zariadenie
DEVICE,Jednotka
NO_BLUETOOTH_DEVICE_FOUND,Zariadenie bluetooth nebolo nájdené
SPEAKER_MUTE,Ztlmenie reproduktoru
DISCONNECT,Odpojené
WAITING_FOR_DEVICE,Čakám na spojenie
DIST_ADDRESS,Vzdialená adresa
CONNECTING,Pripojené
ROTARY_ENCODER_HALF_STEPS,"Rotary encoder half steps"
BLUETOOTH_AUDIO,"Bluetooth Audio"
NOT_INSTALLED,"Not installed (default)"
INSTALLED_AS_AN_OPTION,"Installed as an option"
RESET_MODULE,Reset modulu
HIGH_SPEED,Vysoká rýchlosť
NORMAL_SPEED,Normálna rýchlosť
MODEL,Model
CHECKLIST,Kontrolný zoznam
FILE_MANAGER,Prieskumník
SOUND,Zvuk
STICKS,Páky
DATE_TIME,Dátum & Čas
HARDWARE,Hardware
INFO,Info
SERIAL_NUMBER,Sériové číslo
RESET_FACTORY_SETTINGS,Reset na továrenské nastavenie
CONFIRM_RESET_FACTORY_SETTINGS,Potvrdte reset na továrenské nastavenie
SYSTEM,Systém
DISPLAY,Displej
KEYBOARD,Klávesnica
ENABLE_SLIDER,Povoliť ťahový ovládač
DISABLE_SLIDER,Zakázať ťahový ovládač
ALERTS,Varovania
SPECTRUM_ANALYSER,Spektrálny analyzér
BATTERY,Batéria
CHECKLIST_WARNING,Výstraha kontrolného zoznamu
RADIO_IS_IN_SILENT_MODE,Rádio je v tichom režime
RADIO_BATTERY_IS_LOW,Batéria rádia je vybitá
THROTTLE_IS_NOT_IDLE,Plyn nie je na voľnobehu
ARE_NOT_IN_SAFE_POSITION,Nie sú v bezpečnej pozícii
IS_NOT_IN_SAFE_POSITION,Nie je v bezpečnej pozícii
FUNCTION_SWITCHES_ARE_NOT_IN_SAFE_POSITION,Funkčné prepínače nie sú v bezpečnej pozícii
FAILSAFE_IS_NOT_SET,Failsafe nie je nastavený
RTC_BATTERY_IS_LOW,Batéria RTC je vybitá
ALWAYS_ON,Vždy zapnuté
YES,Áno
DIGITAL_RSSI,Digitálne RSSI
GYRO,Gyro
GYRO_SWITCHES,"Gyro switches"
LANGUAGE,Jazyk
SWITCHES,Přepínače
TOP_TOOLBAR,Horný panel
NO,Nie
BRIGHTNESS,Jas
KEYS,Klávesy
WAKE_UP,Probudit
DIGITAL_VOLTAGE,Digitálne napätie
SLEEP,Spánok
SYSTEM_ALERTS,Systemové varovania
INACTIVITY,Nečinnosť
AUTO_ADJUST_FROM_GPS,Automatické nastavenie z GPS
DATE,Dátum
ADJUST_RTC_SPEED,Nastavenie RTC rýchlosti
SHOW_SECONDS,Zobraziť sekundy
IS24HOUR,24 hodinový čas
TIME_ZONE,Časová zóna
YEAR,Rok
MONTH,Mesiac
TIME,Čas
NEXT,Ďalšie
GYRO_CALIBRATION,Kalibrácia Gyra
PREV,Späť
MDL_LONG,MDL dlho
HARDWARE_CHECK,Kontrola hardwaru
SWITCHES_SETTINGS,Nastavenie prepínačov
ADC_INSPECTOR,Inšpektor ADC
SYS_LONG,SYS dlho
HOME_KEYMAP,Domov mapovanie
POTS_SLIDERS_SETTINGS,Nastavenie pot/ťahových ovl.
SWITCH_MIDDLE_DETECT_DELAY,Oneskorenie detekcie stredovej polohy
DISP_SHORT,{DISP_LABEL} krátky
DISP_LONG,{DISP_LABEL} dlhý
SWITCH,Přepínač
ANALOGS_FILTER,Analogový filter
ANALOGS_CALIBRATION,Kalibrácia pák
CONFIRM_CONTINUE,Potvrdte pokračovanie
THR_NOT_LOW_WARNING,Plyn nie je na voľnobehu
CHANNELS_ORDER,Poradie kanálov
STICKS_MODE,Mód pák
STICKS_MODE_1,Mód 1
STICKS_MODE_2,Mód 2
STICKS_MODE_3,Mód 3
STICKS_MODE_4,Mód 4
FIRST_FOUR_CHANNELS_FIXED,Prvé 4 kanály fixné
NO_SD_CARD,Žiadna SD karta
FLASH_BOOTLOADER,Flash Bootloader
FLASH_INTERNAL_MODULE,Flash interného modulu
PLAY,Prehrať
CURRENT_VERSION,Aktuálna verzia
FLASH_RECEIVER_BY_INTERNAL_MODULE_OTA,Flash RX cez interný modul OTA
FLASH_RECEIVER_BY_EXTERNAL_MODULE_OTA,Flash RX cez extrný modul OTA
OTA_UPDATE,Aktualizácia OTA
FLASH_EXTERNAL_DEVICE,Flash externej jednotky
OPEN,Otvoriť
FLASH_EXTERNAL_MODULE,Flash externého modulu
FLASH_EXTERNAL_MULTIMODULE,Flash externého multimodulu
MOVE_HERE,Posunout zde
OTA_UPDATE_ERROR,Chyba aktualizace OTA
UNSUPPORTED_RX,Nepodporovaný RX
MAIN_VOLTAGE,Hlavné napätie
DISPLAY_VOLTAGE_RANGE,Zobrazovaný rozsah napätia
LOW_VOLTAGE,Nízke napätie
RTC_VOLTAGE,RTC napätie
UNKNOWN,Neznámy
FIRMWARE,Firmware
FIRMWARE_VERSION,Verzia firmware
VIDEO_HARDWARE_VERSION,Verzia video hardware
RECEIVER,Prijímač
NON_STABILIZED_RECEIVER,Prijímač bez stabilizácie
VARIO,Vario
MAIN_VOLUME,Hlavná hlasitosť
AUDIO_VOLUME,Hlasitosť
PITCH_AT_ZERO,Tón nuly
SEQUENCE,Sekvencia
PITCH_AT_MAX,Tón max
REPEAT_AT_ZERO,Opakovať do nuly
FIXED_WING,Lietadlo
GLIDER,Vetroň
HELI,Helikoptéra
MULTI,Multikoptér
OTHER,Iný
CALIBRATION,Kalibrácia
INPUTS,Vstupy
UPDATE,Aktualizácia
SDCARD,SD karta
SDCARD_ERROR,chyba SD karty
INVALID_DATA,Nesprávne dáta
FILE_BAD_FORMAT,Nesprávny formát súboru
NO_FILES_ON_SD,Na SD karte nie sú súbory
READ_ERROR,Chyba čítania
WRITE_ERROR,Chyba zápisu
WRONG_HEADER,Nesprávna hlavička
WRONG_FORMAT,Nesprávny formát
WRONG_CRC,Nespávne CRC
WRONG_FILE_SIZE,Nesprávna veľkosť súboru
WRONG_FILE,Nesprávny súbor
ERROR,Chyba
RUDDER,Smerovka
ELEVATOR,Výškovka
DELETE,Odstrániť
MODEL_BITMAP,Obrázok modelu
TAIL_TYPE,Typ chvosta
TRADITIONAL,Tradičný
VTAIL,V-Tail
REVERSE,Reverse
RATE,Rate
UP,Hore
DOWN,Dole
RIGHT,Vpravo
LEFT,Vľavo
TOP,Hore
BOTTOM,Dole
TIMER_UP,Časovač hore
TIMER_DOWN,Časovač dole
LIMIT,Limit
SPEED,Rýchlosť
SET_DATE,Nastaviť dátum
SET_TIME,Nastaviť čas
SILENT_MODE,Tichý mód
KEY,Klávesa
ALARM,Alarm
TRIM,Trim
SETUP_CHANNEL,Nastavenie kanálov
LOGIC_SWITCH,Logický spínač
CREATE_MODEL,Vytvoriť model
SAVE,Uložiť
LS,LS
FS,FS
OP,OP
TRAINER_MASTER,Tréner - Učiteľ
TRAINER_SLAVE,Tréner - žiak
LINK_MODE,Spojenie
TRAINEE_CHANNEL,Kanál trenéra
SUNDAY,Nedeľa
MONDAY,Pondelok
TUESDAY,Utorok
WEDNESDAY,Streda
THURSDAY,Štvrtok
FRIDAY,Piatok
SATURDAY,Sobota
JANUARY,Január
FEBRUARY,Február
MARCH,Marec
APRIL,Apríl
MAY,Máj
JUNE,Jún
JULY,Júl
AUGUST,August
SEPTEMBER,September
OCTOBER,Október
NOVEMBER,November
DECEMBER,December
CANCEL,Zrušiť
DELAY,Opozdenie
RECEIVER_TYPE,Typ prijímača
BACK,Späť
INTERNAL,Interný
EXTERNAL,Externý
RF_PROTOCOL,RF protokol
EXTERNAL_RF,Externý RF
LOGIC_SWITCH_RANGE,Rozsah logického prepínača
PLAY_SEQUENCE,Prehrať sekvenciu
WAIT_DURATION,Doba čekání
WAIT_CONDITION,Podmienka čakania
CONFIRM_DELETE_LINE,Potvrdte odstránenie riadku?
ADD_A_NEW_LINE_IN_SEQUENCE,Priadanie nového riadku do sekvencie
PLAY_TEXT,Prehrať text
GO_TO_SCREEN,Choď na obrazovku
LOCK_TOUCHSCREEN,Zámok dotyku
BLANK,Prázdny
CALIBRATE,Kalibrovať
CLICK_CALIBRATE_TO_START,"Stlačte ""Kalibrovať"" pre štart"
CENTER_STICKS_POTS_SLIDERS_AND_CLICK_NEXT,"Vycentrujte páky/pot/ťahové ovl., potom stlačte ""Ďalší"" "
MOVE_STICKS_POTS_SLIDERS_AND_CLICK_NEXT,"Hýbte pákami/pot/ťahovými ovl do max, potom stlačte ""Ďalší""","Hýbejte pákami/poty/slidery do maxim, 'Další' když hotovo"
CALIBRATION_COMPLETE_CLICK_CONFIRM_TO_STORE,"Kalibrácia je kompletná, stalčte ""Potvrdiť"" pre uloženie do rádia","Kalibrace je kompletní, zmáčkněte 'Potvrdit' pro uložení"
BACKLIGHT,Podsvietenie
DARK_MODE,Tmavý režim
HIGHLIGHT_COLOR,Farba zvýraznenia
MODEL_NAME,Názov
NO_AIRBRAKES,Bez aerodynamických bŕzd
SWR,SWR
CURRENT,Prúd
VFAS,VFAS
TEMPERATURE_2,Teplota 2
TEMPERATURE_1,Teplota 1
FUEL,Palivo
ACCX,AccX
ACCY,AccY
ACCZ,AccZ
GPS_ALT,GPS Výška
GPS_SPEED,GPS Rýchlosť
GPS_COURSE,GPS Smer
AIR_SPEED,Vzdušná rýchlosť
BATTERY_1_VOLTAGE,Napätie Bat1
BATTERY_1_CURRENT,Prúd Bat1
BATTERY_2_VOLTAGE,Napätie Bat2
BATTERY_2_CURRENT,Prúd Bat2
RBOX_STATE_1,RBOX S1
RBOX_STATE_2,RBOX S2
BATTERY_1_CONSUMPTION,Spotreba Bat1
BATTERY_2_CONSUMPTION,Spotreba Bat2
BATTERY_1_TEMPERATURE,Teplota Bat1
BATTERY_2_TEMPERATURE,Teplota Bat2
SD1_CHANNEL,SD1 Kanál
ESC_VOLTAGE,Napätie ESC
ESC_CURRENT,Prúd ESC
ESC_RPM,Otáčky ESC
ESC_CONSUMPTION,Spotreba ESC
ESC_TEMPERATURE,Teplota ESC
RB_OUTPUT_STATE,Stav výstupu
RB_CH1_A,Proud CH1
RB_CH2_A,Proud CH2
RB_CH3_A,Proud CH3
RB_CH4_A,Proud CH4
RB_CH5_A,Proud CH5
RB_CH6_A,Proud CH6
RB_CH7_A,Proud CH7
RB_CH8_A,Proud CH8
RB_CH9_A,Proud CH9
RB_OUTPUT_1_VOLTAGE,Napätie Výstup 1
RB_OUTPUT_2_VOLTAGE,Napätie Výstup 2
GASSUIT_TEMP1,Plyn Teplota 1
GASSUIT_TEMP2,Plyn Teplota 2
GASSUIT_SPEED,Plyn RPM
GASSUIT_RES_VOL,Plyn Res. Vol.
GASSUIT_RES_PERC,Plyn Res. %
GASSUIT_FLOW,Plyn prietok
GASSUIT_MAX_FLOW,Plyn max prietok
GASSUIT_AVG_FLOW,Plyn priem prietok
BEC_VOLTAGE,Napätie BEC
BEC_CURRENT,Prúd BEC
R9M_POWER,Výkon R9M
OK,OK
FLAP,Klapka
AIRBRAKE,Aerodynamická brzda
FILE,Súbor
FLASH_SPORT,Flash S.portom
PLAY_VALUE,Prehrávanie hodnota
CATEGORY,Kategória
MEMBER,Položka
ANALOGS,Analógy
SWITCHES_POSITIONS,Pozície prepínačov
TRIMS_POSITIONS,Pozície trimov
CONST_VALUE,Hodnota konštanty
SLIDER_LEFT,Ľavý ťahový ovládač
SLIDER_RIGHT,Pravý ťahový ovládač
RIGHT_HORIZONTAL,Pravý horizontální
TRIM_RIGHT_HORIZONTAL_LEFT,TRIM_PHL
TRIM_RIGHT_HORIZONTAL_RIGHT,TRIM_PHR
RIGHT_VERTICAL,Pravý vertikální
TRIM_RIGHT_VERTICAL_UP,TRIM_PVN
TRIM_RIGHT_VERTICAL_DOWN,TRIM_PVD
LEFT_VERTICAL,Levý vertikální
TRIM_LEFT_VERTICAL_UP,TRIM_LVN
TRIM_LEFT_VERTICAL_DOWN,TRIM_LVD
LEFT_HORIZONTAL,Levý horizontální
TRIM_LEFT_HORIZONTAL_LEFT,TRIM_LHL
TRIM_LEFT_HORIZONTAL_RIGHT,TRIM_LHP
TRIM_T5_LEFT,T5L
TRIM_T5_RIGHT,T5P
TRIM_T6_LEFT,T6P
TRIM_T6_RIGHT,T6P
TRIM_T5_DOWN,T5D
TRIM_T5_UP,T5N
TRIM_T6_DOWN,T6D
TRIM_T6_UP,T6N
DIFFERENTIAL,Diferenciace
SLOW,Slow
MULTIPLY,Násobení
WEIGHT_UP,Horní váha
WEIGHT_DOWN,Dolní váha
OUTPUT,Výstup
CLOSE,Zavřít
FLASHING,Flešuji...
RESET_DEVICE,Reset zařízení...
LOW_BATTERY,Nízký stav baterie rádia!
VOLTAGE_CALIBRATION,Kalibrace napětí
STARTING_MODEL_WIZARD,Spouštím průvodce modelu...
RADIO_DATA_LOAD,Data rádia nahrána
DEFAULT_SYSTEM_SETTINGS_RESTORED,"Chyba úložiště, obnoveno výchozí nastavení systému."
FLIGHT_MODE_SHORT,LR
PREFLIGHT_WARNING,Předletové varování
NEW_MODEL,Nový model
STARTING_CALIBRATION,Zahajuji kalibraci...
NO_SD_CARD_WARNING,"Varování, žádná SD karta"
ADD_CURVE_ERROR,Přidání krivky selhalo!
STEP,Krok
AILERON,Křidélka
ELEVON,"Elevon"
SPACE_WITH_CHANNEL, kanál
QUESTION_SWAP_SSS_AND_SSS_CHANNELS_SETTINGS,Chcete zaměnit pojmenování kanálů %s a %s?
INPUT,Vstup
ELE_TO_AIL,Výšk do Křid
THR_CURVE,Křivka plyn
PITCH_CURVE,Křivka klop
THROTTLE_CUT,Škrtící klapka
AIL_TO_RUD,Křid do Směr
ELE_TO_CAMBER,Výšk do Camber
RUD_TO_AIL,Směr do Křid
RUD_TO_ELE,Směr do Výšk
AIL_TO_FLAPS,Křid do Klap
FLAPS_TO_ELE,Klap do Výšk
FREE_MIX,Volný mix
SNAP_ROLL,Výkrut
TEST_MIX,Testovací mix
DELAY_UP,Zpoždění nahoru
DELAY_MID,Zpoždení stredu
DELAY_DOWN,Zpoždění dolu
NO_DELAY,Žádné zpoždění
V_TAIL,V Tail
DATA_REFUSED,Data odmítnuta
DEVICE_NOT_RESPONDING,Zařízení neodpovádá
NO_OUTPUT,Žádný výstup
WEIGHT_RATES,Váha / Rates
OTHERWISE,Jinak
AUTO,Auto
TRIM_STEP_FINE,Jemný
TRIM_STEP_COARSE,Hrubý
TRIM_STEP_EXPONENTIAL,Exponenciální
TRIM_STEP_EXTRA_FINE,Extra jemný
TRIM_STEP_MEDIUM,Střední
TRIM_STEP_CUSTOM,Vlastní
SCREENSHOT,Screenshot
SILENT,Tichý
ALARMS_ONLY,Pouze alarmy
OFTEN,Častý
ALWAYS,Stále
NEVER,Never
WHEN_TELEMETRY_STREAMING,Při streamování telemetrie
VOICE1,Hlas 1 (Hlavní)
VOICE2,Hlas 2
VOICE3,Hlas 3
NEGATIVE,Negativní
POSITIVE,Pozitivní
THROTTLE_HOLD,Zámek plynu
TRIGGER_VALUE,Hraniční hodnota
IDLE_OUTPUT_VALUE,Hodnota uškrcení
LOW_POSITION_TRIM,Trim nízkého plynu
AND,AND
OR,OR
XOR,XOR
SENSORS,Senzory
RECEIVERS,"Receivers"
SERVOS,"Servos"
FLIGHT_SAFETY,"Flight safety"
VARIOMETER,Variometer
ALARMS,Alarmy
SENSOR,Senzor
RX_BATT,RxBatt
RX_CURRENT,RxProud
ALTITUDE,Výška
VSPEED,Vert. rychlost
SELECT_LANGUAGE,Výběr jazyka
ONCE,Jednou
FLIGHT_DATA,Letové údaje
ALL_TIMERS,Všechny stopky
WHOLE_TELEMETRY,Celou telemetrii
REPEAT,Opakovat
WAV_FILE,Soubor wav
BUTTERFLY,Butterfly
CAMBER,Camber
PITCH_TO_RUD,Kol do Vrt
MISSING_BASIC_MIX,Chybí základní mix
MISSING_ENOUGH_CHANNEL,Není dostatek kanálů k dispozici
NOT_SUIT_FOR_THIS_MODEL,Tento mix není vhodný pro Váš model
THR_TO_ELE,Plyn do Výšk
THR_TO_RUD,Plyn do Směr
TEMPERATURE,Teplota
DATA_RATE,Rychlost přenosu dat
GPS,GPS
GAS_SUITE,Gas Suite
FLOW_RESET,Reset průtoku
CDI_OFF_SPEED_LIMIT,Limit rychlosti vypnutí CDI
FLOW_PULSE,Puls průtoku
AUTO_RESET,Auto reset
RESET_RESIDUAL_VOLUME,Reset zbytkového objemu
RESET_MAX_FLOW,Reset max průtoku
RESET_AVERAGE_FLOW,Reset prům. průtoku
VOLUME_ALARM,Alarm objemu
MAX_FLOW_ALARM,Alarm max průtoku
OVER_SPEED_ALARM,Alarm vysoké rychlosti
FLOW_TRIGGER,Spoušť průtoku
FACTORY_SETTING,Tovární nastavení
OVER_TEMP1_ALARM,Alarm vysoké temp1
OVER_TEMP2_ALARM,Alarm vysoké temp2
TEMPERATURE_UNIT,Stupňů teploty
AUTO_SAVE,Auto ukládání
GPS_POSITION_DATA_RATE,Rychlost dat pozice GPS
GPS_ALTITUDE_DATA_RATE,Rychlost dat výšky GPS
GPS_SPEED_DATA_RATE,Rychlost dat rychlosti GPS
GPS_COURSE_DATA_RATE,Rychlost dat kurzu GPS
GPS_TIME_DATA_RATE,Rychlost dat času GPS
RB_30_40,RB 30/40
EW,EW
NS,NS
DEFAULT_FLIGHT_MODE,Výchozí let. režim
SKIP_ON_STARTUP,Přeskočit při startu
LOW_VALUE_WARNING,Alarm nízké hodnoty
CRITICAL_VALUE,Alarm kritické hodnoty
UPGRADE_MODULE,Aktualizace modulu
AUTHENTICATION_FAILURE,Selhání autentizace
MODULE_NEEDS_UPGRADE,Module potřebuje aktualizaci
CLEAR,Vymazat
MIX_SWITCH_DESCRIPTION,Zvolte přepínač k aktivaci/deaktivaci mixu
MIX_WEIGHT_DESCRIPTION,Násobitel v % je aplikován na příchozí zdroj k určení výstupní hodnoty mixu
MIX_CURVE_DESCRIPTION,Zvolte křivku pro mix
MIX_DIFFERENTIAL_DESCRIPTION,Vyberte velikost rozdílového pohybu pro kanály
MIX_OUTPUT_DESCRIPTION,"Vyberte kanál, který má být tímto mixerem ovlivněn"
MIX_INPUT_DESCRIPTION,Vyberte zdroj ovládání tohoto mixu
MIX_OPERATION_DESCRIPTION,"Vyberte typ funkce tohoto mixu: Přidat, Násobit nebo Zaměnit"
MIX_REVERSE_DESCRIPTION,Otočit směr ovládání
MIX_OFFSET_DESCRIPTION,Vyberte velikost offsetu od středu
MIX_WEIGHTUP_DESCRIPTION,Vyberte rozsah pohybu nahoru
MIX_WEIGHTDOWN_DESCRIPTION,Vyberte rozsah pohybu dolu
MIX_SPEEDUP_DESCRIPTION,Vyberte hodnotu zrychlení
MIX_SPEEDDOWN_DESCRIPTION,Vyberte hodnotu zpomalení
MIX_LOWPOSTRIM_DESCRIPTION,Trim pouze pro nízkou polohu plynu
HELI_PITCH,Kolektiv
HELI_GYRO,Gyro
MISSING_THROTTLE,Váš model nemá žádné škrticí klapky
SIX_POSITIONS_SWITCH,6-POS přepínač
GYRO_X_AXIS,Gyro osa X
GYRO_Y_AXIS,Gyro osa Y
GYRO_LEFT,"Gyro Left"
GYRO_RIGHT,"Gyro Right"
GYRO_UP,"Gyro Up"
GYRO_DOWN,"Gyro Down"
AILERON_LETTER,K
RUDDER_LETTER,S
ELEVATOR_LETTER,V
THROTTLE_LETTER,P
NOT,NOT
STICKY,Sticky
EDGE,Edge
MIDDLE,Střed
NO_CHECK,Bez kontroly
CUSTOM,Vlastní
HOLD,Držet
NO_PULSES,Bez pulzů
NOT_SET,Nenastaveno
NO_ENGINE,Bez motoru
NO_FLAPS,Bez klapek
NO_RUDDERS,Bez směrovky
NO_ELEVATORS,Bez výškovky
NO_AILERONS,Bez křidélek
CHANNELS_1,1 kanál
CHANNELS_2,2 kanály
CHANNELS_3,3 kanály
CHANNELS_4,4 kanály
BEEP,Beep
IN_RANGE,v dosahu
REPLACE,Nahradit
USE_A_SOURCE,Použít zdroj
CONVERT_TO_VALUE,Změnit na hodnotu
SPECIAL,Speciál
MAXIMUM,Maximum
MINIMUM,Minimum
MOMENTARY,Moment
TWO_POS,2-Poz
THREE_POS,3-Poz
GYRO_CALIBRATION_PLACE_LEVEL,Umístěte rádio do roviny a po dokončení klikněte na Hotovo
GYRO_CALIBRATION_LEFT,Nakloňte rádio do LEVA a po dokončení klikněte na Hotovo
GYRO_CALIBRATION_RIGHT,Nakloňte rádio do PRAVA a po dokončení klikněte na Hotovo
GYRO_CALIBRATION_NOSE_UP,Nakloňte rádio NAHORU a po dokončení klikněte na Hotovo
GYRO_CALIBRATION_NOSE_DOWN,Nakloňte rádio DOLU a po dokončení klikněte na Hotovo
DEFAULT,Výchozí
STRENGTH,Síla
AM,dop
PM,odp
PLAY_VARIO,Zvuk vária
RF_ALWAYS_OFF,"Speciální režim, RF bude vždy vypnuto."
STAB_FUNC,Funkce stabilizace
RX_PROTOCOL,RX protokol
NO_MAP,Bez mapovaní
DIRECTION,Směr
CLOCKWISE,Dopředu
ANTICLOCKWISE,Opačně
PWM_PULSE_TYPE,Typ PWM pulzu
BASIC_CONFIG,Základní nast.
RX1_MAP,RX1 Map
RX2_MAP,RX2 Map
RX3_MAP,RX3 Map
ALL_FREQUENCY,Všechny frekvence
STICKS_NAME,Názvy pák
CHANNELS_COUNT,Počet kanálů
EXT,Ext
INT,Int
PLACE_RECEIVE_LEVEL,Položte přijímač do roviny.
PLACE_RECEIVE_LEVEL_REVERSE,Položte přijímač opačně.
PLACE_RECEIVE_LEFT,Položte přijímac na levou stranu.
PLACE_RECEIVE_RIGHT,Položte přijímac na pravou stranu.
PLACE_RECEIVE_FORWARD,Položte přijímac na přední stranu.
PLACE_RECEIVE_BACKWARD,Položte přijímac na zadní stranu.
ADD_A_NEW_WEIGHT,+ Přidat váhu
ADD_A_NEW_CURVE,+ Přidat křivku
AUDIO,Audio
VOICE,Hlas
VAR,Var
VOLUME,Objem
SAVE_TO_FLASH,Uložit do paměti
SAVE_TO_FLASH_MESSAGE,Všechna nastavení byla uspěšně uložena do paměti!
TIMER_GENERATOR,Časový generátor
CONFIRM_CLEAR_CHANNEL_DDD_NAME,Kanál %d není použit v žádnem mixu.\nChcete smazat jeho jméno?
EDIT_SSS,Upravit %s
RESET_SSS,%s Reset
OPTIONS_3DOTS,Možnosti...
QUESTION_COPY_CHANNEL_NAME,Kánal nemá název.\nChcete zkopírovát název mixéru do kanálu?
FLY_BAR_LESS,Flybarless
WING_RUD_ELE_AIL,Letadlo normál
WING_FLYING,Delta
WING_VTAIL_AIL,Letadlo VTail
LEVEL,Horizontál
LEVEL_REVERSED,Horizontál revers
UPRIGHT,Vertikál
UPRIGHT_REVERSED,Vertikál revers
WING_TYPE,Typ křídla
MOUNTING_TYPE,Způsob montáže
SXR_ENABLE,Zapnutí stabilizace
AIL_INVERTED,Inverze křid
AIL2_INVERTED,Inverze křid2
ELE_INVERTED,Inverze výšk
ELE2_INVERTED,Inverze výšk2
RUD_INVERTED,Inverze směr
AUX1_ENABLE,Zapnutí AUX1
AUX2_ENABLE,Zapnutí AUX2
QUICK_MODE,Quick Mode
SELF_CHECK,Self Check
STAB_GAIN_OF_AIL,Zisk stab křidélek
STAB_GAIN_OF_ELE,Zisk stab výškovky
STAB_GAIN_OF_RUD,Zisk stab šmerovky
AUTO_LEVEL_GAIN_OF_AIL,Zisk level křidélek
AUTO_LEVEL_GAIN_OF_ELE,Zisk level výškovky
HOVER_GAIN_OF_ELE,Zisk svíčka výškovky
HOVER_GAIN_OF_RUD,Zisk svíčka směrovky
KNIFE_EDGE_GAIN_OF_AIL,Zisk nožák kridélek
KNIFE_EDGE_GAIN_OF_RUD,Zisk nožák směrovky
AUTO_LEVEL_OFFSET_OF_AIL,Offset úhlu level křidélek
AUTO_LEVEL_OFFSET_OF_ELE,Offset úhlu level výškovky
HOVER_OFFSET_ANGLE_OF_ELE,Offset úhlu svíčka výškovky
HOVER_OFFSET_ANGLE_OF_RUD,Offset úhlu svíčka směrovky
KNIFE_EDGE_OFFSET_OF_AIL,Offset úhlu nožák křidélek
KNIFE_EDGE_OFFSET_OF_RUD,Offset úhlu nožák směrovky
OUTPUT_VOLTAGE,Výstupní napětí
LIPO_VOLTAGE,Napětí Lipo
RB_10_20,RB 10/20
ALTITUDE_DATA_RATE,Obnovovací frekvence výšky
VARIO_DATA_RATE,Obnovovací frekvence Vspd
CURRENT_DATA_RATE,Obnovovací frekvence proudu
VOLTAGE_DATA_RATE,Obnonovcí frekvence napětí
RPM,RPM
POLES_COUNT,Počet pólů
NEED_FIRMWARE_UPDATE,Nutnost aktualizace firmware
SYSTEM_VALUE,Systémová hodnota
GPS_CLOCK,Datum Čas GPS
RACING_MODE_ACTIVE,Aktivován zavodní mód.
RACING_MODE_IS_UNSUPPORTED,Závodní mód není podporován.
POTS_SLIDERS,Pot / Slidery
STICKS_POTS_SLIDERS,Páky / Pot / Slidery
WRITE_INTERVAL,Interval zápisu
TX_BATT,TxBatt
AVERAGE,Průměr
TOTALIZE,Souhrn
CELL,Článek
CONSUMPTION,Spotřeba
DISTANCE,Vzdálenost
FALLING_EDGE_OF_SSS_BETWEEN_SSS_AND_SSS,↑↓Pulz %s mezi %s a %s
RISING_EDGE_OF_SSS_DURING_SSS,↑Edge %s během %s
FALLING_EDGE_OF_SSS_DURING_SSS,↓Edge %s během %s
FALLING_EDGE_OF_SSS,↓Edge %s
RISING_EDGE_OF_SSS,↑Edge %s
STALL,Stall
EDITABLE_SRV_DDD_CURR,SRV%d Proud
EDITABLE_SRV_DDD_VOLT,SRV%d Volt
EDITABLE_SRV_DDD_TEMP,SRV%d Tepl
EDITABLE_SRV_DDD_STATUS,SRV%d Status
CONDITION,Podmínka
TIMER_LOGS,Logy stopek
SAVE_TO_SD,Uložit na SD
CLEAR_LOGS,Vymazat logy
TITLE,Název
LOWEST,Nejnižší
COUNT,Počet
HIGHEST,Nejvyšší
BLADES,Listy
MAINGEAR_TEETH,Zuby hl. kola
PINION_TEETH,Zuby pastorku
GEAR,Převodový poměr
PROPELLER,Vrtule
FLIGHT_VALUE,Hodnota L.R.
CURRENT_FLIGHT_MODE,Aktuální L.R.
NO_DESTINATION,Bez cíle
ENT_LONG,ENT dlouze
RX_STILL_ON_TURN_OFF_TRANSMITTER,"Přijímač je stále zapnutý, vypnout rádio ?"
CONFIRM_RESET_SENSOR,Hodnota tohoto senseru bude resetována.\nChcete opravdu pokračovat?
LATITUDE,Latitude
LONGITUDE,Longitude
GPS_MAP,GPS Mapa
MAP,Mapa
INTERNAL_GPS,Interní GPS
CLOCK,Hodiny
TRIP,Cesta
SYSTEM_EVENT,Systémová událost
RSSI_LOW,Nízké RSSI
TRAINER_ACTIVE,Trenér aktivní
MULTIPLIER,Násobitel
VERTICAL,Vertikální
HORIZONTAL,Horizontální
TOTAL,Celkem
CELLS,Články
MULTI_LIPO,Multi LiPo
LIPO,LiPo
LINE_CHART,Čárkový graf
LOG_PERIOD,Rychlost logování
RESUME,Obnovit
PAUSE,Pozastavit
AUTO_RANGE,Flexibilí rozsah
LOCK,Zámek
Xx2POS,{HARDWARE_FUNCTION_SWITCHES} x 2-Poz
XPOS_WITH_OFF,{HARDWARE_FUNCTION_SWITCHES}-Poz s vyp
XPOS,{HARDWARE_FUNCTION_SWITCHES}-Poz
2xXPOS,2 x {HARDWARE_FUNCTION_SWITCHES_PER_SIDE}-Poz
GLOBAL,Globální
_2DOTS,: 
SUMMARY,Souhrn
CONFIRM_STOP_USING_CURVE,Jste si jisti přestat používat tuto křivku?
CONFIRM_STOP_USING_RATE,Jste si jisti přestat používat tento rate?
PATTERN,Vzor
ROLL_ANGLE,R.Angle
PITCH_ANGLE,P.Angle
HYDRAULIC_PRESSURE,H.Tlak
IGNORE_TRAINER_INPUT,Není ovládáno žákem
FULL_RANGE,Full range
IGNORE_RANGE,Ignore range
HALF_RANGE,Half range
LAST_POSITION,Poslední pozice
SLEEP_BRIGHTNESS,Jas během spánku
TOP_LCD_SLEEP,Spánek horní obrazovky
VIEW_PER_CHANNEL,Zobrazení po kanálech
VIEW_TABLE,Tabulkové zobrazení
GENERAL,Nastavení
RX_STILL_ON_TURN_OFF_RF,Přijímač je stále připojen.\nOpravdu chete pokračovat?
LOAD_ALL_FUNCTION_SWITCH_POSITIONS,Načíst polohy všech funkčních tlačítek,Načíst polohy všech tlačítek
CONFIRM_LOAD_ALL_FUNCTION_SWITCH_POSITIONS,Tato operace přepíše pozice všech tlačítek za aktuální. Přejete si pokračovat?
STORAGE_LOCATION,Umístení uložiště
RADIO,Rádio
MODELS,Modely
USER_BITMAPS,Uživatelské bitmapy
SCRIPTS,Scripty
LOGS,Logy
SCREENSHOTS,Screenshoty
PRESSURE,Tlak
COLOR,Barva
CONFIRM_CLEAR_CHANNELS_SSS_NAME,Nejsou žádne mixy uživající kanál %s. Přejete si smazat název těchto kanálů?
CHANNEL_SBUS_VALUE_LIMIT_WARNING,Nová hodnota kanálů neni kompatibilní s užitím SBUS/redundancy. Opravdu chcete pokračovat?
VOLTAGE,Napětí
SAVE_TO_FILE,Uložit do souboru
FLASH_VIDEO_COMPONENT,Flash Video komponenty
RX_BAT_VOLTAGE,Napětí baterie RX
RX_BAT_2_VOLTAGE,Napětí baterie RX 2
EXT_ADC_VOLTAGE,Externí napětí ADC
BOARD_CURRENT,Proud desky
POWER_ON_RESET,Reset při zapnutí
PIN_RESET,Reset pinu
WAKE_UP_RESET,Reset při probuzení
WATCHDOG_RESET,Watchdog Reset
LOCKUP_RESET,Lockup Reset
BROWN_DOWN_DET_RESET,Zjištěn reset selhání napájení
RX_RESET_CASE,Kdy resetovat RX
OPERATION_ASSIGN,Přiřadit(=)
OPERATION_ADD,Přidat(+)
OPERATION_SUBTRACT,Odebrat(-)
OPERATION_MULTIPLY,Násobit(*)
OPERATION_DIVIDE,Dělit(/)
SQRT,Sqrt
REPURPOSE,Znovu použít trim
SENSOR_CONFLICT_WARNING,Varování konflikt senzorů
NIGHTLY_BUILD_NOT_FOR_FLYING,"Noční sestavení, nevhodné k letu!"
READING_FILE,Načítám soubor ...
NOT_ENOUGH_MEMORY,Nedostatek paměti
CLEAN_LOGS,Odstranit logy
CONFIRM_CLEAN_LOGS,"Tato operace odstraní všechny .csv soubory z adresáře. Jste si jisti, že chete pokračovat?"
CLEANING_LOGS,Odstraňuji logy ...
PAUSE_CONDITION,Pauza
RESET_SETTINGS,Resetovat nastavení
SWAP_CHANNELS,Swap channels
CONFIRM_RESET_SETTINGS,Nastavení budou obnovena na výchozí hodnoty.\nOpravdu chcete pokračovat?
CONFIRM_SWITCH_EXTERNAL_MODULE,Nyní je použit externí modul. Bude zastaven.\nOpravdu chcete pokračovat?
CONFIRM_SWITCH_TRAINER,Tréner nyní používá externí modul. Bude zastaven.\nOpravdu chcete pokračovat?
COMPETITION_OPTION,Soutěž (pouze RSSI a Baterie)
CONFIRM_BLUETOOTH_USED_BY_SSS,Bluetooth nyní používá %s. Bude zastaveno.\nOpravdu chcete pokračovat?
BOTH_MODULES,Oba moduly
SPORT_CONNECTOR,S.Port konektor
CONFIRM_SPORT_USED_BY_SSS,"S.Port konektor je nyní používán %s. Jste si jistý, že chcete pokračovat?"
TRAINER_CABLE,Kabel učitel/žák
BLUETOOTH,Bluetooth
SBUS_EXTERNAL_MODULE,Externí modul SBUS
CPPM_EXTERNAL_MODULE,Externí modul CPPM
LUA_TASKS,Úlohy LUA
LUA_SOURCES,Zdroje LUA
MISSING_SCRIPT_FILE,Chybí soubor skriptu
BITMAP,Bitmapa
BITMAP_TYPE,Typ bitmapy
BITMAP_FILE,Soubor bitmapy
FILE_PATH,cesta k souboru
TEXT,Text
DOCUMENTS,Dokumenty
USB_MODE_PRESELECTION,Přednastavení USB módu
USB_MODE,USB mód
JOYSTICK,Joystick
SERIAL,Serial
SELECT_MODEL_AT_POWER_ON,Vybrat model po zapnutí
LOAD_MODEL,Nahrát model
TELEMETRY_ACTIVE,Telemetrie aktivní
FLIGHT_RESET,Flight reset
THROTTLE_ACTIVE,Plyn aktivní
COUNTING_SOURCE,Zdroj proporcionálního odpočtu
SEND_FILE,Pošli soubor
FILE_TRANSFER,Přenos souboru
RECEIVE_FILE_HERE,Přijmout soubor zde
WAITING_FOR_CONNECTION,Čekám na spojení
CONNECTION_REFUSED,Connection refused
WAITING_FOR_RECEIVER_CONFIRMATION,Čekám na potvrzení příjemcem...
FILE_TRANSFER_FAILED,Přenos souboru selhal
CONFIRM_RECEIVE_FILE_SSS_IN_FOLDER_SSS_SIZE_IS_SSS,Chystáte se přijmout soubor %s do složky %s\nVelikost souboru je %s
CONFIRM_OVERWRITE_FILE_SSS_IN_FOLDER_SSS_SIZE_IS_SSS,Chystáte se přepsat soubor %s ve složce %s\nVelikost souboru je %s
SENDING_SSS,Posílám %s...
RECEIVING_SSS,Přijímám %s...
SEND_MODEL,Poslat model
RECEIVE_MODEL,Přijímout model
ARE_YOU_USING_A_FRSKY_SELF_STAB_RECEIVER,Používáte stabilizační přijímač od FrSky?
EMERGENCY,Nouze
GAIN_ADJUST,Úprava zisku
UNIT_KNOT,knots
UNIT_MILLILITER_PER_PULSE,ml/p
UNIT_RPM,r/m
ASSIGN_INPUT_HINT,Přiřadte prosím vstupní zdroje pro následující funkce
CONFIRMATION,Potvrzení
ENABLE_XXX,Enable %s?
DISABLE_XXX,Disable %s?
CONFIRMATION_BEFORE_ACTIVE,Confirmation before active
CONFIRMATION_BEFORE_INACTIVE,Confirmation before inactive
REMOTE_NFC,NFC
SWITCH_CHANNEL,Přepnout kanál
WIRELESS,Bezdrátový
TIMEOUT,Časový limit
NO_ENABLED_MODULE,"Povolte modul, který chcete spárovat s NFC"
GET_MODULE_UUID_FAILED,Nepodařilo se získat UUID modulu.\nZkontrolujte prosím stav svého modulu!
BIND_NFC_FAILED,Nepodařilo se spojit NFC s modulem!
PROTOCOL_NOT_SUPPORTED,Aktuální protokol modulu není podporován!
CONFIRM_DELETE_TRIM,Opravdu chcete smazat tento extra trim?
LEFT_STICK,Levá páka
RIGHT_STICK,Pravá páka
ALL_MOTORS,Všechny motory
SELECT,Vybrat
SINGLE_MOTOR,Jeden motor
STICK_MOTORS,Sloučit motory
CONFIRM_DELETE_ACTION,Opravdu chcete odstranit tuto akci?
CONFIRM_DELETE_SCREEN,Opravdu chcete odstranit tuto obrazovku?
CONFIRM_DELETE_SENSOR,Opravdu chcete tento senzor odstranit?
FILE_ALREADY_EXISTS,Soubor se stejným názvem již existuje
MODEL_RUNTIME,Doba běhu modelu
RADIO_RUNTIME,Doba běhu rádia
WAITING_FOR_SIGNAL,čekám na signál...
CONFIRM_RESET_RUNTIME,Runtime will be reset.\nAre you sure you want to continue?
BANK,Banka
POWER_SWITCH,Power switch
CURRENT_AND_VOLTAGE_RATE,Current & voltage rate
BEC_VOLTAGE_RATE,BEC voltage rate
SBEC_VOLTAGE,SBEC voltage
BATTERY_MODE,Battery mode
SWITCH_VOLTAGE,Switch voltage
BALANCE,Balance
BACKUP,Backup
BALANCE_CHANNELS,Balance channels
CHOOSE_CHANNELS,Choose channels
BALANCE_CURVE,Balance curve
CONFIRM_TO_SHARE_RECEIVER,Are you sure you want to share this receiver?
CONFIRM_TO_UNBIND_RECEIVER,Are you sure you want to unbind this receiver?
CONFIRM_FRSK_NOT_COMPATIBLE,"This FRSK file is not compatible with your device.\nAre you sure you want to continue?"
RX_VFR,"Rx VFR"
